filename,word,variation,provider,source_url,duration_s,fps,width,height,n_frames,ok
hello__signstation.mp4,hello,1,signstation,https://media.signbsl.com/videos/bsl/signstation/HI.mp4,1.44,25.0,320,240,36,True
hello_var2__signstation.mp4,hello,2,signstation,https://media.signbsl.com/videos/bsl/signstation/hello.mp4,1.8,25.0,320,240,45,True
hello_var3__signstation.mp4,hello,3,signstation,https://media.signbsl.com/videos/bsl/signstation/hello-2.mp4,2.0,25.0,320,240,50,True
hello_var4__deafway.mp4,hello,4,deafway,https://media.signbsl.com/videos/bsl/deafway/mp4/Hello.mp4,2.04,25.0,640,360,51,True
hello_var5__youtube.mp4,hello,5,youtube,https://media.signbsl.com/videos/bsl/youtube/mp4/gWIrN56a55I.mp4,2.736,29.97,640,360,82,True
hello_var6__signmonkey.mp4,hello,6,signmonkey,https://media.signbsl.com/videos/bsl/signmonkey/mp4/hello.mp4,2.159,28.25,640,480,61,True
hello_var7__ExeterDeafAcademyVoiceOff.mp4,hello,7,ExeterDeafAcademyVoiceOff,https://media.signbsl.com/videos/bsl/ExeterDeafAcademyVoiceOff/mp4/m1Kyqa7PuCI.mp4,5.13,23.976,640,360,123,True
hello_var8__youtube.mp4,hello,8,youtube,https://media.signbsl.com/videos/bsl/youtube/mp4/QB44Vddoi-w.mp4,2.04,25.0,640,360,51,True
hello_var9__youtube.mp4,hello,9,youtube,https://media.signbsl.com/videos/bsl/youtube/mp4/gAHxtMOdeWQ.mp4,3.2,25.0,640,360,80,True
hello_var10__youtube.mp4,hello,10,youtube,https://media.signbsl.com/videos/bsl/youtube/mp4/JLCpOc3ifdQ.mp4,4.36,25.0,640,360,109,True
goodbye__signstation.mp4,goodbye,1,signstation,https://media.signbsl.com/videos/bsl/signstation/goodbye.mp4,1.8,25.0,320,240,45,True
goodbye_var2__signstation.mp4,goodbye,2,signstation,https://media.signbsl.com/videos/bsl/signstation/bye.mp4,1.72,25.0,320,240,43,True
goodbye_var3__deafway.mp4,goodbye,3,deafway,https://media.signbsl.com/videos/bsl/deafway/mp4/Bye.mp4,2.28,25.0,640,360,57,True
goodbye_var4__youtube.mp4,goodbye,4,youtube,https://media.signbsl.com/videos/bsl/youtube/mp4/eiO-WrZ_h9g.mp4,3.237,29.97,640,360,97,True
goodbye_var5__youtube.mp4,goodbye,5,youtube,https://media.signbsl.com/videos/bsl/youtube/mp4/UaF2_Q2uy-8.mp4,3.04,25.0,480,320,76,True
goodbye_var6__signmonkey.mp4,goodbye,6,signmonkey,https://media.signbsl.com/videos/bsl/signmonkey/mp4/goodbye.mp4,2.301,28.25,640,480,65,True
goodbye_var7__youtube.mp4,goodbye,7,youtube,https://media.signbsl.com/videos/bsl/youtube/mp4/DTtXqF7jMfY.mp4,3.937,29.97,640,360,118,True
please__signstation.mp4,please,1,signstation,https://media.signbsl.com/videos/bsl/signstation/please.mp4,1.4,25.0,320,240,35,True
please_var2__signstation.mp4,please,2,signstation,https://media.signbsl.com/videos/bsl/signstation/please-2.mp4,1.32,25.0,320,240,33,True
please_var3__deafway.mp4,please,3,deafway,https://media.signbsl.com/videos/bsl/deafway/mp4/Please.mp4,2.0,25.0,640,360,50,True
please_var4__youtube.mp4,please,4,youtube,https://media.signbsl.com/videos/bsl/youtube/mp4/DOf3X-87PaQ.mp4,3.203,29.97,640,360,96,True
please_var5__youtube.mp4,please,5,youtube,https://media.signbsl.com/videos/bsl/youtube/mp4/auPMG2cE5dg.mp4,3.28,25.0,480,320,82,True
please_var6__signmonkey.mp4,please,6,signmonkey,https://media.signbsl.com/videos/bsl/signmonkey/mp4/please.mp4,2.159,28.25,640,480,61,True
please_var7__youtube.mp4,please,7,youtube,https://media.signbsl.com/videos/bsl/youtube/mp4/9BmfpZl8hkg.mp4,5.8,25.0,640,360,145,True
thank-you__signstation.mp4,thank-you,1,signstation,https://media.signbsl.com/videos/bsl/signstation/thank%20you.mp4,1.32,25.0,320,240,33,True
thank-you_var2__signstation.mp4,thank-you,2,signstation,https://media.signbsl.com/videos/bsl/signstation/thank-you.mp4,1.24,25.0,320,240,31,True
thank-you_var3__deafway.mp4,thank-you,3,deafway,https://media.signbsl.com/videos/bsl/deafway/mp4/Thank%20you.mp4,1.72,25.0,640,360,43,True
thank-you_var4__youtube.mp4,thank-you,4,youtube,https://media.signbsl.com/videos/bsl/youtube/mp4/jLqplcvPnG0.mp4,2.97,29.97,640,360,89,True
thank-you_var5__signmonkey.mp4,thank-you,5,signmonkey,https://media.signbsl.com/videos/bsl/signmonkey/mp4/thank%20you.mp4,2.018,28.25,640,480,57,True
thank-you_var6__youtube.mp4,thank-you,6,youtube,https://media.signbsl.com/videos/bsl/youtube/mp4/__lLQ3mhCvM.mp4,2.88,25.0,640,360,72,True
thank-you_var7__youtube.mp4,thank-you,7,youtube,https://media.signbsl.com/videos/bsl/youtube/mp4/XPBiK2xY8-4.mp4,5.44,25.0,640,360,136,True
thank-you_var8__signstation.mp4,thank-you,8,signstation,https://media.signbsl.com/videos/bsl/signstation/thanks.mp4,1.24,25.0,320,240,31,True
thank-you_var9__gpnhs.mp4,thank-you,9,gpnhs,https://media.signbsl.com/videos/bsl/gpnhs/mp4/thanks.mp4,2.28,25.0,480,360,57,True
sorry__signstation.mp4,sorry,1,signstation,https://media.signbsl.com/videos/bsl/signstation/sorry.mp4,2.32,25.0,320,240,58,True
sorry_var2__deafway.mp4,sorry,2,deafway,https://media.signbsl.com/videos/bsl/deafway/mp4/sorry.mp4,1.39,15.108,480,270,21,True
sorry_var3__youtube.mp4,sorry,3,youtube,https://media.signbsl.com/videos/bsl/youtube/mp4/SlQCAOfKvds.mp4,3.84,25.0,480,320,96,True
sorry_var4__signmonkey.mp4,sorry,4,signmonkey,https://media.signbsl.com/videos/bsl/signmonkey/mp4/sorry.mp4,3.413,28.417,640,480,97,True
sorry_var5__ExeterDeafAcademyVoiceOff.mp4,sorry,5,ExeterDeafAcademyVoiceOff,https://media.signbsl.com/videos/bsl/ExeterDeafAcademyVoiceOff/mp4/-K0oRSWTfgU.mp4,6.68,25.0,640,360,167,True
sorry_var6__youtube.mp4,sorry,6,youtube,https://media.signbsl.com/videos/bsl/youtube/mp4/ry2V-o1jINY.mp4,2.135,29.97,640,360,64,True
sorry_var7__youtube.mp4,sorry,7,youtube,https://media.signbsl.com/videos/bsl/youtube/mp4/MzYceHmWs1k.mp4,3.103,29.97,640,360,93,True
yes__signstation.mp4,yes,1,signstation,https://media.signbsl.com/videos/bsl/signstation/yes.mp4,2.32,25.0,320,240,58,True
yes_var2__gpnhs.mp4,yes,2,gpnhs,https://media.signbsl.com/videos/bsl/gpnhs/mp4/yes.mp4,2.703,29.97,480,360,81,True
yes_var3__nf.mp4,yes,3,nf,https://media.signbsl.com/videos/bsl/nf/mp4/Yes.mp4,2.903,29.97,384,216,87,True
yes_var4__ExeterDeafAcademyVoiceOff.mp4,yes,4,ExeterDeafAcademyVoiceOff,https://media.signbsl.com/videos/bsl/ExeterDeafAcademyVoiceOff/mp4/LeUaOIYdeus.mp4,5.64,25.0,640,360,141,True
yes_var5__youtube.mp4,yes,5,youtube,https://media.signbsl.com/videos/bsl/youtube/mp4/3hYWm_LaPGE.mp4,2.567,30.0,640,360,77,True
no__signstation.mp4,no,1,signstation,https://media.signbsl.com/videos/bsl/signstation/no.mp4,1.52,25.0,320,240,38,True
no_var2__corpusngt.mp4,no,2,corpusngt,https://media.signbsl.com/videos/bsl/corpusngt/mp4/vlc-record-2015-04-16-16h33m22s-BSL_CN_lex_b.mpg-.mp4,3.28,25.0,352,288,82,True
no_var3__gpnhs.mp4,no,3,gpnhs,https://media.signbsl.com/videos/bsl/gpnhs/mp4/no.mp4,2.836,29.97,480,360,85,True
no_var4__nf.mp4,no,4,nf,https://media.signbsl.com/videos/bsl/nf/mp4/No.mp4,2.567,30.0,384,216,77,True
no_var5__ExeterDeafAcademyVoiceOff.mp4,no,5,ExeterDeafAcademyVoiceOff,https://media.signbsl.com/videos/bsl/ExeterDeafAcademyVoiceOff/mp4/ZzmnEdReynM.mp4,6.84,25.0,640,360,171,True
no_var6__youtube.mp4,no,6,youtube,https://media.signbsl.com/videos/bsl/youtube/mp4/WfxoyzZbdUE.mp4,3.633,30.0,640,360,109,True
no_var7__youtube.mp4,no,7,youtube,https://media.signbsl.com/videos/bsl/youtube/mp4/CkgAmPTpetM.mp4,2.44,25.0,640,360,61,True
welcome__signstation.mp4,welcome,1,signstation,https://media.signbsl.com/videos/bsl/signstation/welcome.mp4,1.92,25.0,320,240,48,True
welcome_var2__youtube.mp4,welcome,2,youtube,https://media.signbsl.com/videos/bsl/youtube/mp4/hwA0v_Pd844.mp4,2.92,25.0,480,320,73,True
welcome_var3__signmonkey.mp4,welcome,3,signmonkey,https://media.signbsl.com/videos/bsl/signmonkey/mp4/welcome.mp4,2.733,15.0,640,480,41,True
welcome_var4__deafsigns.mp4,welcome,4,deafsigns,https://media.signbsl.com/videos/bsl/deafsigns/mp4/f99f63195ab15a26a8b29b66dcfe610a.mp4,3.267,30.0,640,540,98,True
welcome_var5__youtube.mp4,welcome,5,youtube,https://media.signbsl.com/videos/bsl/youtube/mp4/7O488t_kGuw.mp4,5.405,29.97,640,360,162,True
good-morning__signstation.mp4,good-morning,1,signstation,https://media.signbsl.com/videos/bsl/signstation/good%20morning.mp4,1.72,25.0,320,240,43,True
good-morning_var2__deafway.mp4,good-morning,2,deafway,https://media.signbsl.com/videos/bsl/deafway/mp4/Good%20Morning.mp4,2.48,25.0,640,360,62,True
good-morning_var3__ExeterDeafAcademyVoiceOff.mp4,good-morning,3,ExeterDeafAcademyVoiceOff,https://media.signbsl.com/videos/bsl/ExeterDeafAcademyVoiceOff/mp4/E5UH1tG3x18.mp4,6.68,25.0,640,360,167,True
good-morning_var4__bslfirst.mp4,good-morning,4,bslfirst,https://media.signbsl.com/videos/bsl/bslfirst/mp4/996135548.mp4,2.769,29.97,720,404,83,True
good-morning_var5__youtube.mp4,good-morning,5,youtube,https://media.signbsl.com/videos/bsl/youtube/mp4/XVJw6txEkeM.mp4,5.6,30.0,640,360,168,True
good-morning_var6__youtube.mp4,good-morning,6,youtube,https://media.signbsl.com/videos/bsl/youtube/mp4/r6O5JdK_mK8.mp4,4.667,30.0,640,360,140,True
good-morning_var7__youtube.mp4,good-morning,7,youtube,https://media.signbsl.com/videos/bsl/youtube/mp4/5pWwSt1E018.mp4,3.04,25.0,640,360,76,True
good-morning_var8__youtube.mp4,good-morning,8,youtube,https://media.signbsl.com/videos/bsl/youtube/mp4/DSrn4pXEdMs.mp4,3.5,30.0,640,360,105,True
good-afternoon__signstation.mp4,good-afternoon,1,signstation,https://media.signbsl.com/videos/bsl/signstation/good-afternoon.mp4,3.0,25.0,320,240,75,True
good-afternoon_var2__deafway.mp4,good-afternoon,2,deafway,https://media.signbsl.com/videos/bsl/deafway/mp4/Good%20Afternoon.mp4,2.28,25.0,640,360,57,True
good-afternoon_var3__ExeterDeafAcademyVoiceOff.mp4,good-afternoon,3,ExeterDeafAcademyVoiceOff,https://media.signbsl.com/videos/bsl/ExeterDeafAcademyVoiceOff/mp4/jT4C2OQVJX8.mp4,7.8,25.0,640,360,195,True
good-afternoon_var4__deafsigns.mp4,good-afternoon,4,deafsigns,https://media.signbsl.com/videos/bsl/deafsigns/mp4/63566f49e845bbbae84d0ebc5ba39580.mp4,3.567,30.0,640,594,107,True
good-afternoon_var5__bslfirst.mp4,good-afternoon,5,bslfirst,https://media.signbsl.com/videos/bsl/bslfirst/mp4/996135295.mp4,3.337,29.97,720,404,100,True
good-afternoon_var6__youtube.mp4,good-afternoon,6,youtube,https://media.signbsl.com/videos/bsl/youtube/mp4/03hUgm_6znA.mp4,5.467,30.0,640,360,164,True
good-afternoon_var7__youtube.mp4,good-afternoon,7,youtube,https://media.signbsl.com/videos/bsl/youtube/mp4/ARbX_GcomYk.mp4,5.133,30.0,640,360,154,True
good-afternoon_var8__youtube.mp4,good-afternoon,8,youtube,https://media.signbsl.com/videos/bsl/youtube/mp4/iySLud4m9tg.mp4,2.936,29.97,640,360,88,True
good-afternoon_var9__youtube.mp4,good-afternoon,9,youtube,https://media.signbsl.com/videos/bsl/youtube/mp4/oMk-_fai7FI.mp4,3.067,30.0,640,360,92,True
good-evening__signstation.mp4,good-evening,1,signstation,https://media.signbsl.com/videos/bsl/signstation/good%20evening.mp4,1.68,25.0,320,240,42,True
good-evening_var2__deafsigns.mp4,good-evening,2,deafsigns,https://media.signbsl.com/videos/bsl/deafsigns/mp4/4f550234849cc13d1dec7a6c24fa9a05.mp4,3.733,30.0,640,600,112,True
good-evening_var3__youtube.mp4,good-evening,3,youtube,https://media.signbsl.com/videos/bsl/youtube/mp4/fsjwqXLEmf8.mp4,4.3,30.0,640,360,129,True
good-evening_var4__youtube.mp4,good-evening,4,youtube,https://media.signbsl.com/videos/bsl/youtube/mp4/jv6ISUcjcz0.mp4,5.067,30.0,640,360,152,True
good-evening_var5__youtube.mp4,good-evening,5,youtube,https://media.signbsl.com/videos/bsl/youtube/mp4/6UcWvhypRQM.mp4,3.267,30.0,640,360,98,True
good-night__signstation.mp4,good-night,1,signstation,https://media.signbsl.com/videos/bsl/signstation/good%20night.mp4,1.44,25.0,320,240,36,True
good-night_var2__deafway.mp4,good-night,2,deafway,https://media.signbsl.com/videos/bsl/deafway/mp4/Goodnight.mp4,2.16,25.0,640,360,54,True
good-night_var3__deafsigns.mp4,good-night,3,deafsigns,https://media.signbsl.com/videos/bsl/deafsigns/mp4/544e93daeefa6f86620fa6eb67d9c5c4.mp4,3.033,30.0,640,548,91,True
good-night_var4__youtube.mp4,good-night,4,youtube,https://media.signbsl.com/videos/bsl/youtube/mp4/8fIZgm6ognw.mp4,4.567,30.0,640,360,137,True
good-night_var5__youtube.mp4,good-night,5,youtube,https://media.signbsl.com/videos/bsl/youtube/mp4/Oe4rvYWD4vw.mp4,4.967,30.0,640,360,149,True
good-night_var6__youtube.mp4,good-night,6,youtube,https://media.signbsl.com/videos/bsl/youtube/mp4/jw49mcJxvjk.mp4,3.5,30.0,640,360,105,True
i__signstation.mp4,i,1,signstation,https://media.signbsl.com/videos/bsl/signstation/i-rh-sd-keyed-blue.mp4,3.6,25.0,512,374,90,True
i_var2__youtube.mp4,i,2,youtube,https://media.signbsl.com/videos/bsl/youtube/mp4/vtQc9AV4z48.mp4,3.203,29.97,640,360,96,True
i_var3__youtube.mp4,i,3,youtube,https://media.signbsl.com/videos/bsl/youtube/mp4/9VLdezuUs6I.mp4,3.24,25.0,640,360,81,True
i_var4__signstation.mp4,i,4,signstation,https://media.signbsl.com/videos/bsl/signstation/i.mp4,1.72,25.0,320,240,43,True
i_var5__corpusngt.mp4,i,5,corpusngt,https://media.signbsl.com/videos/bsl/corpusngt/mp4/vlc-record-2015-04-10-11h28m16s-BSL_CN_lex_b.mpg-.mp4,2.8,25.0,352,288,70,True
you__signstation.mp4,you,1,signstation,https://media.signbsl.com/videos/bsl/signstation/you.mp4,2.08,25.0,320,240,52,True
you_var2__signstation.mp4,you,2,signstation,https://media.signbsl.com/videos/bsl/signstation/101-06-168.mp4,2.2,25.0,512,374,55,True
you_var3__nf.mp4,you,3,nf,https://media.signbsl.com/videos/bsl/nf/mp4/You.mp4,2.069,29.97,384,216,62,True
you_var4__youtube.mp4,you,4,youtube,https://media.signbsl.com/videos/bsl/youtube/mp4/2CoIje1R2HM.mp4,3.12,25.0,640,360,78,True
he__signstation.mp4,he,1,signstation,https://media.signbsl.com/videos/bsl/signstation/he.mp4,2.32,25.0,320,240,58,True
she__signstation.mp4,she,1,signstation,https://media.signbsl.com/videos/bsl/signstation/she.mp4,1.48,25.0,320,240,37,True
we__signstation.mp4,we,1,signstation,https://media.signbsl.com/videos/bsl/signstation/we.mp4,1.84,25.0,512,374,46,True
they__signstation.mp4,they,1,signstation,https://media.signbsl.com/videos/bsl/signstation/they.mp4,1.6,25.0,320,240,40,True
my__signstation.mp4,my,1,signstation,https://media.signbsl.com/videos/bsl/signstation/mine.mp4,1.92,25.0,320,240,48,True
my_var2__signstation.mp4,my,2,signstation,https://media.signbsl.com/videos/bsl/signstation/my.mp4,1.72,25.0,320,240,43,True
my_var3__signmonkey.mp4,my,3,signmonkey,https://media.signbsl.com/videos/bsl/signmonkey/mp4/my.mp4,2.667,15.0,640,480,40,True
my_var4__corpusngt.mp4,my,4,corpusngt,https://media.signbsl.com/videos/bsl/corpusngt/mp4/vlc-record-2015-04-16-16h29m30s-BSL_CN_lex_b.mpg-.mp4,3.04,25.0,352,288,76,True
my_var5__gpnhs.mp4,my,5,gpnhs,https://media.signbsl.com/videos/bsl/gpnhs/mp4/mine.mp4,4.059,17.0,640,426,69,True
my_var6__nf.mp4,my,6,nf,https://media.signbsl.com/videos/bsl/nf/mp4/Mine.mp4,2.202,29.97,384,216,66,True
your__signstation.mp4,your,1,signstation,https://media.signbsl.com/videos/bsl/signstation/your.mp4,1.76,25.0,320,240,44,True
your_var2__signmonkey.mp4,your,2,signmonkey,https://media.signbsl.com/videos/bsl/signmonkey/mp4/your.mp4,2.294,28.333,640,480,65,True
what__signstation.mp4,what,1,signstation,https://media.signbsl.com/videos/bsl/signstation/what.mp4,1.36,25.0,512,374,34,True
what_var2__signstation.mp4,what,2,signstation,https://media.signbsl.com/videos/bsl/signstation/what-extreme.mp4,1.6,25.0,512,374,40,True
what_var3__youtube.mp4,what,3,youtube,https://media.signbsl.com/videos/bsl/youtube/mp4/kxag6_1TKAA.mp4,3.44,25.0,480,320,86,True
what_var4__signmonkey.mp4,what,4,signmonkey,https://media.signbsl.com/videos/bsl/signmonkey/mp4/what.mp4,2.294,28.333,640,480,65,True
what_var5__gpnhs.mp4,what,5,gpnhs,https://media.signbsl.com/videos/bsl/gpnhs/mp4/what.mp4,3.604,29.97,480,360,108,True
what_var6__nf.mp4,what,6,nf,https://media.signbsl.com/videos/bsl/nf/mp4/What.mp4,3.036,29.97,384,216,91,True
what_var7__ExeterDeafAcademyVoiceOff.mp4,what,7,ExeterDeafAcademyVoiceOff,https://media.signbsl.com/videos/bsl/ExeterDeafAcademyVoiceOff/mp4/0-VyZPrCCIw.mp4,7.6,25.0,640,360,190,True
what_var8__youtube.mp4,what,8,youtube,https://media.signbsl.com/videos/bsl/youtube/mp4/JT1xfJzR10s.mp4,5.88,25.0,640,360,147,True
what_var9__youtube.mp4,what,9,youtube,https://media.signbsl.com/videos/bsl/youtube/mp4/h0R_38IYLx8.mp4,3.37,29.97,640,360,101,True
what_var10__youtube.mp4,what,10,youtube,https://media.signbsl.com/videos/bsl/youtube/mp4/ex3mMreGI6w.mp4,2.102,29.97,640,360,63,True
what_var11__youtube.mp4,what,11,youtube,https://media.signbsl.com/videos/bsl/youtube/mp4/FBGXcR0xurM.mp4,2.56,25.0,640,360,64,True
what_var12__youtube.mp4,what,12,youtube,https://media.signbsl.com/videos/bsl/youtube/mp4/Ehdmrey_BfE.mp4,3.8,30.0,640,360,114,True
where__signstation.mp4,where,1,signstation,https://media.signbsl.com/videos/bsl/signstation/where.mp4,1.92,25.0,320,240,48,True
where_var2__signstation.mp4,where,2,signstation,https://media.signbsl.com/videos/bsl/signstation/101-06-1219.mp4,3.0,25.0,512,374,75,True
where_var3__youtube.mp4,where,3,youtube,https://media.signbsl.com/videos/bsl/youtube/mp4/qAY6hUsCs84.mp4,3.44,25.0,480,320,86,True
where_var4__signmonkey.mp4,where,4,signmonkey,https://media.signbsl.com/videos/bsl/signmonkey/mp4/where.mp4,3.333,16.5,640,480,55,True
where_var5__gpnhs.mp4,where,5,gpnhs,https://media.signbsl.com/videos/bsl/gpnhs/mp4/where.mp4,2.836,29.97,480,360,85,True
where_var6__nf.mp4,where,6,nf,https://media.signbsl.com/videos/bsl/nf/mp4/Where.mp4,3.337,29.97,384,216,100,True
where_var7__youtube.mp4,where,7,youtube,https://media.signbsl.com/videos/bsl/youtube/mp4/74lMfMC0JC8.mp4,7.36,25.0,640,360,184,True
where_var8__youtube.mp4,where,8,youtube,https://media.signbsl.com/videos/bsl/youtube/mp4/q6IS7mVvq78.mp4,3.804,29.97,640,360,114,True
where_var9__youtube.mp4,where,9,youtube,https://media.signbsl.com/videos/bsl/youtube/mp4/Ta2auSPxikY.mp4,3.667,30.0,640,360,110,True
when__signstation.mp4,when,1,signstation,https://media.signbsl.com/videos/bsl/signstation/when.mp4,1.52,25.0,320,240,38,True
when_var2__signstation.mp4,when,2,signstation,https://media.signbsl.com/videos/bsl/signstation/101-06-1217.mp4,2.8,25.0,512,374,70,True
when_var3__youtube.mp4,when,3,youtube,https://media.signbsl.com/videos/bsl/youtube/mp4/4pHEfwqxuvs.mp4,3.68,25.0,480,320,92,True
when_var4__signmonkey.mp4,when,4,signmonkey,https://media.signbsl.com/videos/bsl/signmonkey/mp4/when.mp4,3.6,15.0,640,480,54,True
when_var5__gpnhs.mp4,when,5,gpnhs,https://media.signbsl.com/videos/bsl/gpnhs/mp4/when.mp4,2.936,29.97,480,360,88,True
when_var6__nf.mp4,when,6,nf,https://media.signbsl.com/videos/bsl/nf/mp4/When.mp4,2.9,30.0,384,216,87,True
when_var7__youtube.mp4,when,7,youtube,https://media.signbsl.com/videos/bsl/youtube/mp4/Kw99zZnpbEw.mp4,7.16,25.0,640,360,179,True
when_var8__youtube.mp4,when,8,youtube,https://media.signbsl.com/videos/bsl/youtube/mp4/SuSf3heEz5M.mp4,4.767,30.0,640,360,143,True
who__signstation.mp4,who,1,signstation,https://media.signbsl.com/videos/bsl/signstation/WHO.mp4,1.6,25.0,320,240,40,True
who_var2__signstation.mp4,who,2,signstation,https://media.signbsl.com/videos/bsl/signstation/WHO-2.mp4,1.68,25.0,320,240,42,True
who_var3__signstation.mp4,who,3,signstation,https://media.signbsl.com/videos/bsl/signstation/WHO-3.mp4,1.56,25.0,320,240,39,True
who_var4__signstation.mp4,who,4,signstation,https://media.signbsl.com/videos/bsl/signstation/101-06-1227.mp4,3.08,25.0,512,374,77,True
who_var5__signmonkey.mp4,who,5,signmonkey,https://media.signbsl.com/videos/bsl/signmonkey/mp4/who.mp4,2.859,28.333,640,480,81,True
who_var6__corpusngt.mp4,who,6,corpusngt,https://media.signbsl.com/videos/bsl/corpusngt/mp4/vlc-record-2015-04-24-20h23m13s-BSL_CN_lex_b.mpg-.mp4,4.0,25.0,352,288,100,True
who_var7__nf.mp4,who,7,nf,https://media.signbsl.com/videos/bsl/nf/mp4/Who.mp4,2.769,29.97,384,216,83,True
who_var8__youtube.mp4,who,8,youtube,https://media.signbsl.com/videos/bsl/youtube/mp4/DVfsmuEKlpo.mp4,5.6,25.0,640,360,140,True
who_var9__youtube.mp4,who,9,youtube,https://media.signbsl.com/videos/bsl/youtube/mp4/wlqFMrNtSiU.mp4,3.433,30.0,640,360,103,True
why__signstation.mp4,why,1,signstation,https://media.signbsl.com/videos/bsl/signstation/why.mp4,1.48,25.0,320,240,37,True
why_var2__signmonkey.mp4,why,2,signmonkey,https://media.signbsl.com/videos/bsl/signmonkey/mp4/why.mp4,2.97,16.5,640,480,49,True
why_var3__gpnhs.mp4,why,3,gpnhs,https://media.signbsl.com/videos/bsl/gpnhs/mp4/why.mp4,3.103,29.97,480,360,93,True
why_var4__youtube.mp4,why,4,youtube,https://media.signbsl.com/videos/bsl/youtube/mp4/Dv6wkEf01P4.mp4,5.92,25.0,640,360,148,True
why_var5__youtube.mp4,why,5,youtube,https://media.signbsl.com/videos/bsl/youtube/mp4/Fec5l-PAoqk.mp4,2.603,29.97,640,360,78,True
why_var6__youtube.mp4,why,6,youtube,https://media.signbsl.com/videos/bsl/youtube/mp4/ELbTWACocSE.mp4,3.933,30.0,640,360,118,True
how__signstation.mp4,how,1,signstation,https://media.signbsl.com/videos/bsl/signstation/how.mp4,1.92,25.0,320,240,48,True
how_var2__signstation.mp4,how,2,signstation,https://media.signbsl.com/videos/bsl/signstation/how-2.mp4,1.6,25.0,320,240,40,True
how_var3__signstation.mp4,how,3,signstation,https://media.signbsl.com/videos/bsl/signstation/101-06-1221.mp4,3.32,25.0,512,374,83,True
how_var4__youtube.mp4,how,4,youtube,https://media.signbsl.com/videos/bsl/youtube/mp4/DBbuPmLpbyM.mp4,3.16,25.0,480,320,79,True
how_var5__signmonkey.mp4,how,5,signmonkey,https://media.signbsl.com/videos/bsl/signmonkey/mp4/how.mp4,3.576,16.5,640,480,59,True
how_var6__corpusngt.mp4,how,6,corpusngt,https://media.signbsl.com/videos/bsl/corpusngt/mp4/vlc-record-2015-04-08-15h17m40s-BSL_CN_lex_b.mpg-.mp4,4.12,25.0,352,288,103,True
how_var7__nf.mp4,how,7,nf,https://media.signbsl.com/videos/bsl/nf/mp4/How.mp4,3.17,29.97,384,216,95,True
how_var8__youtube.mp4,how,8,youtube,https://media.signbsl.com/videos/bsl/youtube/mp4/n5uQMhEk1nI.mp4,4.071,29.97,640,360,122,True
how_var9__youtube.mp4,how,9,youtube,https://media.signbsl.com/videos/bsl/youtube/mp4/_ySnK_IZG0g.mp4,3.0,25.0,640,360,75,True
how_var10__youtube.mp4,how,10,youtube,https://media.signbsl.com/videos/bsl/youtube/mp4/nlGhaifg6Oc.mp4,4.3,30.0,640,360,129,True
which__signstation.mp4,which,1,signstation,https://media.signbsl.com/videos/bsl/signstation/which.mp4,1.8,25.0,512,374,45,True
which_var2__signstation.mp4,which,2,signstation,https://media.signbsl.com/videos/bsl/signstation/which-extreme.mp4,1.68,25.0,512,374,42,True
which_var3__signmonkey.mp4,which,3,signmonkey,https://media.signbsl.com/videos/bsl/signmonkey/mp4/which.mp4,2.848,16.5,640,480,47,True
which_var4__corpusngt.mp4,which,4,corpusngt,https://media.signbsl.com/videos/bsl/corpusngt/mp4/vlc-record-2015-04-24-20h23m53s-BSL_CN_lex_b.mpg-.mp4,2.92,25.0,352,288,73,True
which_var5__gpnhs.mp4,which,5,gpnhs,https://media.signbsl.com/videos/bsl/gpnhs/mp4/which.mp4,3.07,29.97,480,360,92,True
which_var6__youtube.mp4,which,6,youtube,https://media.signbsl.com/videos/bsl/youtube/mp4/xR6h1zXNiiw.mp4,4.033,30.0,640,360,121,True
go__signstation.mp4,go,1,signstation,https://media.signbsl.com/videos/bsl/signstation/go.mp4,1.92,25.0,320,240,48,True
go_var2__youtube.mp4,go,2,youtube,https://media.signbsl.com/videos/bsl/youtube/mp4/CoSEPhmliQw.mp4,2.76,25.0,640,360,69,True
go_var3__signmonkey.mp4,go,3,signmonkey,https://media.signbsl.com/videos/bsl/signmonkey/mp4/go.mp4,2.916,29.833,640,480,87,True
go_var4__gpnhs.mp4,go,4,gpnhs,https://media.signbsl.com/videos/bsl/gpnhs/mp4/go.mp4,4.0,25.0,480,360,100,True
go_var5__nf.mp4,go,5,nf,https://media.signbsl.com/videos/bsl/nf/mp4/Go.mp4,2.836,29.97,384,216,85,True
go_var6__nf.mp4,go,6,nf,https://media.signbsl.com/videos/bsl/nf/mp4/Go%20(directional).mp4,2.736,29.97,384,216,82,True
go_var7__youtube.mp4,go,7,youtube,https://media.signbsl.com/videos/bsl/youtube/mp4/Lis3Xs6zXrQ.mp4,2.44,25.0,640,360,61,True
go_var8__signstation.mp4,go,8,signstation,https://media.signbsl.com/videos/bsl/signstation/die.mp4,1.56,25.0,320,240,39,True
go_var9__corpusngt.mp4,go,9,corpusngt,https://media.signbsl.com/videos/bsl/corpusngt/mp4/vlc-record-2015-04-08-14h45m03s-BSL_CN_lex_b.mpg-.mp4,4.6,25.0,352,288,115,True
go_var10__bslfirst.mp4,go,10,bslfirst,https://media.signbsl.com/videos/bsl/bslfirst/mp4/996138950.mp4,2.536,29.97,720,404,76,True
go_var11__mp4.mp4,go,11,ict,https://media.signbsl.com/videos/ict/mp4/1625_go_flv.mp4,6.4,25.0,320,240,160,True
go_var12__mp4.mp4,go,12,wolver,https://media.signbsl.com/videos/wolver/mp4/sci_surviv_6298.mp4,1.56,25.0,400,300,39,True
come__signstation.mp4,come,1,signstation,https://media.signbsl.com/videos/bsl/signstation/come.mp4,1.92,25.0,320,240,48,True
come_var2__signstation.mp4,come,2,signstation,https://media.signbsl.com/videos/bsl/signstation/101-06-1223.mp4,3.04,25.0,512,374,76,True
eat__signstation.mp4,eat,1,signstation,https://media.signbsl.com/videos/bsl/signstation/eat.mp4,2.8,25.0,320,240,70,True
eat_var2__signstation.mp4,eat,2,signstation,https://media.signbsl.com/videos/bsl/signstation/101-06-650.mp4,1.84,25.0,512,374,46,True
eat_var3__corpusngt.mp4,eat,3,corpusngt,https://media.signbsl.com/videos/bsl/corpusngt/mp4/vlc-record-2015-04-08-14h52m27s-BSL_CN_lex_b.mpg-.mp4,4.12,25.0,352,288,103,True
eat_var4__youtube.mp4,eat,4,youtube,https://media.signbsl.com/videos/bsl/youtube/mp4/7rC7o6l2y8k.mp4,3.44,25.0,640,360,86,True
drink__signstation.mp4,drink,1,signstation,https://media.signbsl.com/videos/bsl/signstation/drink.mp4,1.24,25.0,320,240,31,True
drink_var2__youtube.mp4,drink,2,youtube,https://media.signbsl.com/videos/bsl/youtube/mp4/uUL1SaNlR-Q.mp4,2.569,29.97,640,360,77,True
drink_var3__signmonkey.mp4,drink,3,signmonkey,https://media.signbsl.com/videos/bsl/signmonkey/mp4/drink.mp4,1.912,34.0,640,480,65,True
drink_var4__corpusngt.mp4,drink,4,corpusngt,https://media.signbsl.com/videos/bsl/corpusngt/mp4/vlc-record-2015-04-08-14h50m35s-BSL_CN_lex_b.mpg-.mp4,4.0,25.0,352,288,100,True
drink_var5__ExeterDeafAcademyVoiceOff.mp4,drink,5,ExeterDeafAcademyVoiceOff,https://media.signbsl.com/videos/bsl/ExeterDeafAcademyVoiceOff/mp4/5Yd3kQxytDw.mp4,6.88,25.0,640,360,172,True
drink_var6__bslfirst.mp4,drink,6,bslfirst,https://media.signbsl.com/videos/bsl/bslfirst/mp4/996142986.mp4,2.567,30.0,720,404,77,True
drink_var7__signstation.mp4,drink,7,signstation,https://media.signbsl.com/videos/bsl/signstation/boozing.mp4,1.84,25.0,320,240,46,True
drink_var8__bslfirst.mp4,drink,8,bslfirst,https://media.signbsl.com/videos/bsl/bslfirst/mp4/996268038.mp4,6.707,29.97,720,404,201,True
sleep__signstation.mp4,sleep,1,signstation,https://media.signbsl.com/videos/bsl/signstation/sleep.mp4,1.36,25.0,320,240,34,True
sleep_var2__signstation.mp4,sleep,2,signstation,https://media.signbsl.com/videos/bsl/signstation/101-06-609.mp4,2.44,25.0,512,374,61,True
sleep_var3__corpusngt.mp4,sleep,3,corpusngt,https://media.signbsl.com/videos/bsl/corpusngt/mp4/vlc-record-2015-04-21-18h02m40s-BSL_CN_lex_b.mpg-.mp4,2.56,25.0,352,288,64,True
sleep_var4__youtube.mp4,sleep,4,youtube,https://media.signbsl.com/videos/bsl/youtube/mp4/E7AHVVA7FUc.mp4,4.805,29.97,640,360,144,True
sleep_var5__youtube.mp4,sleep,5,youtube,https://media.signbsl.com/videos/bsl/youtube/mp4/eH1rrAzmsrQ.mp4,3.28,25.0,640,360,82,True
work__signstation.mp4,work,1,signstation,https://media.signbsl.com/videos/bsl/signstation/work.mp4,1.28,25.0,320,240,32,True
work_var2__signmonkey.mp4,work,2,signmonkey,https://media.signbsl.com/videos/bsl/signmonkey/mp4/work.mp4,3.123,28.5,640,480,89,True
work_var3__ExeterDeafAcademyVoiceOff.mp4,work,3,ExeterDeafAcademyVoiceOff,https://media.signbsl.com/videos/bsl/ExeterDeafAcademyVoiceOff/mp4/rYLns0oEoH0.mp4,7.28,25.0,640,360,182,True
work_var4__signstation.mp4,work,4,signstation,https://media.signbsl.com/videos/bsl/signstation/sour.mp4,1.32,25.0,320,240,33,True
work_var5__signmonkey.mp4,work,5,signmonkey,https://media.signbsl.com/videos/bsl/signmonkey/mp4/sour.mp4,2.734,28.167,640,480,77,True
work_var6__corpusngt.mp4,work,6,corpusngt,https://media.signbsl.com/videos/bsl/corpusngt/mp4/vlc-record-2015-04-21-18h22m48s-BSL_CN_lex_b.mpg-.mp4,3.52,25.0,352,288,88,True
work_var7__signstation.mp4,work,7,signstation,https://media.signbsl.com/videos/bsl/signstation/solve.mp4,1.48,25.0,320,240,37,True
work_var8__solve_cit.mp4.mp4,work,8,ssc,https://media.signbsl.com/videos/ssc/solve_cit.mp4,2.36,25.0,400,300,59,True
work_var9__bslfirst.mp4,work,9,bslfirst,https://media.signbsl.com/videos/bsl/bslfirst/mp4/996278767.mp4,8.108,29.97,720,404,243,True
work_var10__bslfirst.mp4,work,10,bslfirst,https://media.signbsl.com/videos/bsl/bslfirst/mp4/996225356.mp4,6.64,29.97,720,404,199,True
work_var11__mp4.mp4,work,11,wolver,https://media.signbsl.com/videos/wolver/mp4/3077_exploit.mp4,2.2,25.0,400,300,55,True
play__signstation.mp4,play,1,signstation,https://media.signbsl.com/videos/bsl/signstation/play.mp4,2.56,25.0,320,240,64,True
play_var2__signmonkey.mp4,play,2,signmonkey,https://media.signbsl.com/videos/bsl/signmonkey/mp4/play.mp4,3.2,30.0,640,480,96,True
play_var3__corpusngt.mp4,play,3,corpusngt,https://media.signbsl.com/videos/bsl/corpusngt/mp4/vlc-record-2015-04-16-16h40m17s-BSL_CN_lex_b.mpg-.mp4,2.56,25.0,352,288,64,True
play_var4__gpnhs.mp4,play,4,gpnhs,https://media.signbsl.com/videos/bsl/gpnhs/mp4/play.mp4,3.56,25.0,480,360,89,True
play_var5__bslfirst.mp4,play,5,bslfirst,https://media.signbsl.com/videos/bsl/bslfirst/mp4/996314250.mp4,5.038,29.97,720,404,151,True
play_var6__signstation.mp4,play,6,signstation,https://media.signbsl.com/videos/bsl/signstation/drama.mp4,2.72,25.0,320,240,68,True
play_var7__mp4.mp4,play,7,wolver,https://media.signbsl.com/videos/wolver/mp4/art_drama_4087.mp4,2.52,25.0,400,300,63,True
play_var8__gpnhs.mp4,play,8,gpnhs,https://media.signbsl.com/videos/bsl/gpnhs/mp4/drama.mp4,2.88,25.0,480,360,72,True
play_var9__nf.mp4,play,9,nf,https://media.signbsl.com/videos/bsl/nf/mp4/Drama%20(in%20BSL)-HD.mp4,2.0,25.0,640,360,50,True
play_var10__mp4.mp4,play,10,wolver,https://media.signbsl.com/videos/wolver/mp4/art_act_4046.mp4,2.24,25.0,400,300,56,True
help__signstation.mp4,help,1,signstation,https://media.signbsl.com/videos/bsl/signstation/help.mp4,1.44,25.0,320,240,36,True
help_var2__signstation.mp4,help,2,signstation,https://media.signbsl.com/videos/bsl/signstation/assist.mp4,1.8,25.0,320,240,45,True
help_var3__mp4.mp4,help,3,ict,https://media.signbsl.com/videos/ict/mp4/74_help.mp4,4.32,25.0,320,240,108,True
help_var4__deafway.mp4,help,4,deafway,https://media.signbsl.com/videos/bsl/deafway/mp4/help.mp4,1.87,14.973,480,270,28,True
help_var5__signmonkey.mp4,help,5,signmonkey,https://media.signbsl.com/videos/bsl/signmonkey/mp4/help.mp4,2.576,28.333,640,480,73,True
help_var6__signon.mp4,help,6,signon,https://media.signbsl.com/videos/bsl/signon/mp4/wsw18.mp4,2.2,25.0,320,240,55,True
help_var7__gpnhs.mp4,help,7,gpnhs,https://media.signbsl.com/videos/bsl/gpnhs/mp4/help.mp4,3.12,25.0,480,360,78,True
help_var8__ExeterDeafAcademyVoiceOff.mp4,help,8,ExeterDeafAcademyVoiceOff,https://media.signbsl.com/videos/bsl/ExeterDeafAcademyVoiceOff/mp4/0fS0CEiHZM8.mp4,7.36,25.0,640,360,184,True
help_var9__uploads.mp4,help,9,uploads,https://media.signbsl.com/videos/bsl/uploads/mp4/015ccd234e83c17dcfca6ee0e3c40c7b.mp4,3.233,30.0,640,360,97,True
help_var10__signstation.mp4,help,10,signstation,https://media.signbsl.com/videos/bsl/signstation/supporter.mp4,1.84,25.0,320,240,46,True
help_var11__signstation.mp4,help,11,signstation,https://media.signbsl.com/videos/bsl/signstation/assistant.mp4,1.68,25.0,320,240,42,True
want__signstation.mp4,want,1,signstation,https://media.signbsl.com/videos/bsl/signstation/want.mp4,1.52,25.0,320,240,38,True
want_var2__signmonkey.mp4,want,2,signmonkey,https://media.signbsl.com/videos/bsl/signmonkey/mp4/want.mp4,2.717,42.333,640,480,115,True
need__signstation.mp4,need,1,signstation,https://media.signbsl.com/videos/bsl/signstation/involve.mp4,1.76,25.0,320,240,44,True
need_var2__signstation.mp4,need,2,signstation,https://media.signbsl.com/videos/bsl/signstation/demand.mp4,1.8,25.0,320,240,45,True
need_var3__signstation.mp4,need,3,signstation,https://media.signbsl.com/videos/bsl/signstation/require.mp4,1.56,25.0,320,240,39,True
need_var4__signstation.mp4,need,4,signstation,https://media.signbsl.com/videos/bsl/signstation/need.mp4,1.28,25.0,320,240,32,True
need_var5__signon.mp4,need,5,signon,https://media.signbsl.com/videos/bsl/signon/mp4/shw32.mp4,2.08,25.0,320,240,52,True
need_var6__gpnhs.mp4,need,6,gpnhs,https://media.signbsl.com/videos/bsl/gpnhs/mp4/need.mp4,2.769,29.97,480,360,83,True
like__signstation.mp4,like,1,signstation,https://media.signbsl.com/videos/bsl/signstation/like.mp4,1.84,25.0,320,240,46,True
like_var2__signmonkey.mp4,like,2,signmonkey,https://media.signbsl.com/videos/bsl/signmonkey/mp4/like.mp4,2.717,42.333,640,480,115,True
like_var3__signon.mp4,like,3,signon,https://media.signbsl.com/videos/bsl/signon/mp4/daw09.mp4,2.36,25.0,320,240,59,True
like_var4__gpnhs.mp4,like,4,gpnhs,https://media.signbsl.com/videos/bsl/gpnhs/mp4/like.mp4,3.504,29.97,480,360,105,True
like_var5__signstation.mp4,like,5,signstation,https://media.signbsl.com/videos/bsl/signstation/like-2.mp4,1.64,25.0,320,240,41,True
like_var6__signon.mp4,like,6,signon,https://media.signbsl.com/videos/bsl/signon/mp4/msw03.mp4,2.34,200.0,320,240,468,True
love__signstation.mp4,love,1,signstation,https://media.signbsl.com/videos/bsl/signstation/love.mp4,1.52,25.0,320,240,38,True
love_var2__deafway.mp4,love,2,deafway,https://media.signbsl.com/videos/bsl/deafway/mp4/love.mp4,2.6,25.0,640,360,65,True
love_var3__corpusngt.mp4,love,3,corpusngt,https://media.signbsl.com/videos/bsl/corpusngt/mp4/vlc-record-2015-04-10-11h41m22s-BSL_CN_lex_b.mpg-.mp4,4.36,25.0,352,288,109,True
love_var4__deafsigns.mp4,love,4,deafsigns,https://media.signbsl.com/videos/bsl/deafsigns/mp4/24a9d5610948ed4b4a6f6306510acc1d.mp4,3.9,30.0,640,558,117,True
love_var5__youtube.mp4,love,5,youtube,https://media.signbsl.com/videos/bsl/youtube/mp4/pej-Fj0-0x8.mp4,3.0,25.0,640,360,75,True
know__signstation.mp4,know,1,signstation,https://media.signbsl.com/videos/bsl/signstation/know.mp4,1.76,25.0,320,240,44,True
know_var2__signmonkey.mp4,know,2,signmonkey,https://media.signbsl.com/videos/bsl/signmonkey/mp4/know.mp4,4.0,25.0,640,426,100,True
know_var3__signmonkey.mp4,know,3,signmonkey,https://media.signbsl.com/videos/bsl/signmonkey/mp4/know2.mp4,3.333,30.0,640,480,100,True
know_var4__corpusngt.mp4,know,4,corpusngt,https://media.signbsl.com/videos/bsl/corpusngt/mp4/vlc-record-2015-04-10-11h36m38s-BSL_CN_lex_b.mpg-.mp4,3.52,25.0,352,288,88,True
know_var5__gpnhs.mp4,know,5,gpnhs,https://media.signbsl.com/videos/bsl/gpnhs/mp4/know.mp4,3.07,29.97,480,360,92,True
think__signstation.mp4,think,1,signstation,https://media.signbsl.com/videos/bsl/signstation/remember.mp4,1.52,25.0,320,240,38,True
think_var2__signstation.mp4,think,2,signstation,https://media.signbsl.com/videos/bsl/signstation/remember-2.mp4,1.8,25.0,320,240,45,True
think_var3__signstation.mp4,think,3,signstation,https://media.signbsl.com/videos/bsl/signstation/101-06-603.mp4,2.72,25.0,512,374,68,True
think_var4__signmonkey.mp4,think,4,signmonkey,https://media.signbsl.com/videos/bsl/signmonkey/mp4/remember.mp4,3.0,15.0,640,480,45,True
think_var5__signon.mp4,think,5,signon,https://media.signbsl.com/videos/bsl/signon/mp4/trw79.mp4,2.48,25.0,320,240,62,True
think_var6__corpusngt.mp4,think,6,corpusngt,https://media.signbsl.com/videos/bsl/corpusngt/mp4/vlc-record-2015-04-16-16h43m56s-BSL_CN_lex_b.mpg-.mp4,3.04,25.0,352,288,76,True
think_var7__youtube.mp4,think,7,youtube,https://media.signbsl.com/videos/bsl/youtube/mp4/pC0rRD9RjFg.mp4,3.96,25.0,640,360,99,True
think_var8__signstation.mp4,think,8,signstation,https://media.signbsl.com/videos/bsl/signstation/suppose.mp4,2.24,25.0,320,240,56,True
think_var9__signstation.mp4,think,9,signstation,https://media.signbsl.com/videos/bsl/signstation/imagine.mp4,2.36,25.0,320,240,59,True
think_var10__signstation.mp4,think,10,signstation,https://media.signbsl.com/videos/bsl/signstation/suppose_2.mp4,1.96,25.0,320,240,49,True
think_var11__signmonkey.mp4,think,11,signmonkey,https://media.signbsl.com/videos/bsl/signmonkey/mp4/guess.mp4,2.96,25.0,640,426,74,True
think_var12__signstation.mp4,think,12,signstation,https://media.signbsl.com/videos/bsl/signstation/think.mp4,1.44,25.0,320,240,36,True
think_var13__signmonkey.mp4,think,13,signmonkey,https://media.signbsl.com/videos/bsl/signmonkey/mp4/think.mp4,3.32,25.0,640,426,83,True
think_var14__corpusngt.mp4,think,14,corpusngt,https://media.signbsl.com/videos/bsl/corpusngt/mp4/vlc-record-2015-04-24-20h16m42s-BSL_CN_lex_b.mpg-.mp4,3.28,25.0,352,288,82,True
think_var15__gpnhs.mp4,think,15,gpnhs,https://media.signbsl.com/videos/bsl/gpnhs/mp4/think.mp4,3.737,29.97,480,360,112,True
think_var16__signon.mp4,think,16,signon,https://media.signbsl.com/videos/bsl/signon/mp4/msw21.mp4,2.94,200.0,320,240,588,True
think_var17__signstation.mp4,think,17,signstation,https://media.signbsl.com/videos/bsl/signstation/consider.mp4,1.84,25.0,320,240,46,True
understand__signstation.mp4,understand,1,signstation,https://media.signbsl.com/videos/bsl/signstation/understand.mp4,2.2,25.0,320,240,55,True
understand_var2__signstation.mp4,understand,2,signstation,https://media.signbsl.com/videos/bsl/signstation/understand-2.mp4,1.56,25.0,320,240,39,True
understand_var3__signmonkey.mp4,understand,3,signmonkey,https://media.signbsl.com/videos/bsl/signmonkey/mp4/understand.mp4,2.718,28.333,640,480,77,True
understand_var4__gpnhs.mp4,understand,4,gpnhs,https://media.signbsl.com/videos/bsl/gpnhs/mp4/understand.mp4,2.703,29.97,480,360,81,True
learn__signstation.mp4,learn,1,signstation,https://media.signbsl.com/videos/bsl/signstation/learn.mp4,1.84,25.0,320,240,46,True
learn_var2__signstation.mp4,learn,2,signstation,https://media.signbsl.com/videos/bsl/signstation/discover.mp4,2.0,25.0,320,240,50,True
learn_var3__signstation.mp4,learn,3,signstation,https://media.signbsl.com/videos/bsl/signstation/find-out.mp4,1.72,25.0,320,240,43,True
learn_var4__signmonkey.mp4,learn,4,signmonkey,https://media.signbsl.com/videos/bsl/signmonkey/mp4/learn.mp4,2.576,28.333,640,480,73,True
learn_var5__gpnhs.mp4,learn,5,gpnhs,https://media.signbsl.com/videos/bsl/gpnhs/mp4/learn.mp4,3.48,25.0,480,360,87,True
learn_var6__gpnhs.mp4,learn,6,gpnhs,https://media.signbsl.com/videos/bsl/gpnhs/mp4/pick-up.mp4,3.437,29.97,480,360,103,True
learn_var7__ExeterDeafAcademyVoiceOff.mp4,learn,7,ExeterDeafAcademyVoiceOff,https://media.signbsl.com/videos/bsl/ExeterDeafAcademyVoiceOff/mp4/Q7Y_bESf4M8.mp4,7.8,25.0,640,360,195,True
learn_var8__signstation.mp4,learn,8,signstation,https://media.signbsl.com/videos/bsl/signstation/teach.mp4,1.56,25.0,320,240,39,True
learn_var9__corpusngt.mp4,learn,9,corpusngt,https://media.signbsl.com/videos/bsl/corpusngt/mp4/vlc-record-2015-04-24-20h12m24s-BSL_CN_lex_b.mpg-.mp4,3.52,25.0,352,288,88,True
learn_var10__gpnhs.mp4,learn,10,gpnhs,https://media.signbsl.com/videos/bsl/gpnhs/mp4/teach.mp4,2.603,29.97,480,360,78,True
learn_var11__signstation.mp4,learn,11,signstation,https://media.signbsl.com/videos/bsl/signstation/acquire.mp4,1.6,25.0,320,240,40,True
learn_var12__gpnhs.mp4,learn,12,gpnhs,https://media.signbsl.com/videos/bsl/gpnhs/mp4/acquire.mp4,4.267,15.0,640,426,64,True
teach__signstation.mp4,teach,1,signstation,https://media.signbsl.com/videos/bsl/signstation/teach.mp4,1.56,25.0,320,240,39,True
teach_var2__corpusngt.mp4,teach,2,corpusngt,https://media.signbsl.com/videos/bsl/corpusngt/mp4/vlc-record-2015-04-24-20h12m24s-BSL_CN_lex_b.mpg-.mp4,3.52,25.0,352,288,88,True
teach_var3__gpnhs.mp4,teach,3,gpnhs,https://media.signbsl.com/videos/bsl/gpnhs/mp4/teach.mp4,2.603,29.97,480,360,78,True
see__signstation.mp4,see,1,signstation,https://media.signbsl.com/videos/bsl/signstation/learn.mp4,1.84,25.0,320,240,46,True
see_var2__signstation.mp4,see,2,signstation,https://media.signbsl.com/videos/bsl/signstation/discover.mp4,2.0,25.0,320,240,50,True
see_var3__signstation.mp4,see,3,signstation,https://media.signbsl.com/videos/bsl/signstation/find-out.mp4,1.72,25.0,320,240,43,True
see_var4__signmonkey.mp4,see,4,signmonkey,https://media.signbsl.com/videos/bsl/signmonkey/mp4/learn.mp4,2.576,28.333,640,480,73,True
see_var5__gpnhs.mp4,see,5,gpnhs,https://media.signbsl.com/videos/bsl/gpnhs/mp4/learn.mp4,3.48,25.0,480,360,87,True
see_var6__gpnhs.mp4,see,6,gpnhs,https://media.signbsl.com/videos/bsl/gpnhs/mp4/pick-up.mp4,3.437,29.97,480,360,103,True
see_var7__ExeterDeafAcademyVoiceOff.mp4,see,7,ExeterDeafAcademyVoiceOff,https://media.signbsl.com/videos/bsl/ExeterDeafAcademyVoiceOff/mp4/Q7Y_bESf4M8.mp4,7.8,25.0,640,360,195,True
see_var8__signstation.mp4,see,8,signstation,https://media.signbsl.com/videos/bsl/signstation/see.mp4,1.4,25.0,320,240,35,True
see_var9__corpusngt.mp4,see,9,corpusngt,https://media.signbsl.com/videos/bsl/corpusngt/mp4/vlc-record-2015-04-21-17h55m07s-BSL_CN_lex_b.mpg-.mp4,2.8,25.0,352,288,70,True
see_var10__youtube.mp4,see,10,youtube,https://media.signbsl.com/videos/bsl/youtube/mp4/9mkGFVF89N8.mp4,2.72,25.0,640,360,68,True
see_var11__signstation.mp4,see,11,signstation,https://media.signbsl.com/videos/bsl/signstation/meet.mp4,1.64,25.0,320,240,41,True
see_var12__corpusngt.mp4,see,12,corpusngt,https://media.signbsl.com/videos/bsl/corpusngt/mp4/vlc-record-2015-04-10-11h44m53s-BSL_CN_lex_b.mpg-.mp4,2.68,25.0,352,288,67,True
see_var13__gpnhs.mp4,see,13,gpnhs,https://media.signbsl.com/videos/bsl/gpnhs/mp4/meet.mp4,2.736,29.97,480,360,82,True
see_var14__mp4.mp4,see,14,wolver,https://media.signbsl.com/videos/wolver/mp4/3889_Interpretation.mp4,2.56,25.0,400,300,64,True
hear__signstation.mp4,hear,1,signstation,https://media.signbsl.com/videos/bsl/signstation/learn.mp4,1.84,25.0,320,240,46,True
hear_var2__signstation.mp4,hear,2,signstation,https://media.signbsl.com/videos/bsl/signstation/discover.mp4,2.0,25.0,320,240,50,True
hear_var3__signstation.mp4,hear,3,signstation,https://media.signbsl.com/videos/bsl/signstation/find-out.mp4,1.72,25.0,320,240,43,True
hear_var4__signmonkey.mp4,hear,4,signmonkey,https://media.signbsl.com/videos/bsl/signmonkey/mp4/learn.mp4,2.576,28.333,640,480,73,True
hear_var5__gpnhs.mp4,hear,5,gpnhs,https://media.signbsl.com/videos/bsl/gpnhs/mp4/learn.mp4,3.48,25.0,480,360,87,True
hear_var6__gpnhs.mp4,hear,6,gpnhs,https://media.signbsl.com/videos/bsl/gpnhs/mp4/pick-up.mp4,3.437,29.97,480,360,103,True
hear_var7__ExeterDeafAcademyVoiceOff.mp4,hear,7,ExeterDeafAcademyVoiceOff,https://media.signbsl.com/videos/bsl/ExeterDeafAcademyVoiceOff/mp4/Q7Y_bESf4M8.mp4,7.8,25.0,640,360,195,True
hear_var8__signstation.mp4,hear,8,signstation,https://media.signbsl.com/videos/bsl/signstation/hear.mp4,2.88,25.0,320,240,72,True
hear_var9__corpusngt.mp4,hear,9,corpusngt,https://media.signbsl.com/videos/bsl/corpusngt/mp4/vlc-record-2015-04-08-15h15m16s-BSL_CN_lex_b.mpg-.mp4,4.36,25.0,352,288,109,True
speak__signstation.mp4,speak,1,signstation,https://media.signbsl.com/videos/bsl/signstation/talk.mp4,2.2,25.0,320,240,55,True
speak_var2__signstation.mp4,speak,2,signstation,https://media.signbsl.com/videos/bsl/signstation/speak.mp4,1.8,25.0,320,240,45,True
speak_var3__corpusngt.mp4,speak,3,corpusngt,https://media.signbsl.com/videos/bsl/corpusngt/mp4/vlc-record-2015-04-21-18h23m05s-BSL_CN_lex_b.mpg-.mp4,3.4,25.0,352,288,85,True
speak_var4__corpusngt.mp4,speak,4,corpusngt,https://media.signbsl.com/videos/bsl/corpusngt/mp4/vlc-record-2015-04-24-20h28m32s-BSL_CN_lex_b.mpg-.mp4,3.28,25.0,352,288,82,True
speak_var5__nf.mp4,speak,5,nf,https://media.signbsl.com/videos/bsl/nf/mp4/Talk.mp4,2.1,30.0,384,216,63,True
sign__signstation.mp4,sign,1,signstation,https://media.signbsl.com/videos/bsl/signstation/sign.mp4,1.52,25.0,320,240,38,True
sign_var2__signstation.mp4,sign,2,signstation,https://media.signbsl.com/videos/bsl/signstation/101-06-146.mp4,2.4,25.0,512,374,60,True
sign_var3__signon.mp4,sign,3,signon,https://media.signbsl.com/videos/bsl/signon/mp4/spw23.mp4,2.48,25.0,320,240,62,True
sign_var4__corpusngt.mp4,sign,4,corpusngt,https://media.signbsl.com/videos/bsl/corpusngt/mp4/vlc-record-2015-04-21-17h59m46s-BSL_CN_lex_b.mpg-.mp4,3.16,25.0,352,288,79,True
sign_var5__gpnhs.mp4,sign,5,gpnhs,https://media.signbsl.com/videos/bsl/gpnhs/mp4/sign.mp4,3.52,25.0,480,360,88,True
sign_var6__signstation.mp4,sign,6,signstation,https://media.signbsl.com/videos/bsl/signstation/sign-2.mp4,2.16,25.0,320,240,54,True
sign_var7__mp4.mp4,sign,7,wolver,https://media.signbsl.com/videos/wolver/mp4/3636_Sign.mp4,2.44,25.0,400,300,61,True
sign_var8__mp4.mp4,sign,8,wolver,https://media.signbsl.com/videos/wolver/mp4/eng_signal_8271.mp4,2.36,25.0,400,300,59,True
sign_var9__mp4.mp4,sign,9,ict,https://media.signbsl.com/videos/ict/mp4/915_signal.mp4,2.2,25.0,320,240,55,True
sign_var10__signstation.mp4,sign,10,signstation,https://media.signbsl.com/videos/bsl/signstation/sign-3.mp4,1.88,25.0,320,240,47,True
sign_var11__mp4.mp4,sign,11,cs,https://media.signbsl.com/videos/cs/mp4/Peter_Bless1.mp4,3.76,25.0,352,288,94,True
read__signstation.mp4,read,1,signstation,https://media.signbsl.com/videos/bsl/signstation/read.mp4,1.84,25.0,320,240,46,True
read_var2__signstation.mp4,read,2,signstation,https://media.signbsl.com/videos/bsl/signstation/101-06-690.mp4,2.56,25.0,512,374,64,True
read_var3__mp4.mp4,read,3,ict,https://media.signbsl.com/videos/ict/mp4/789_read.mp4,2.28,25.0,320,240,57,True
read_var4__signmonkey.mp4,read,4,signmonkey,https://media.signbsl.com/videos/bsl/signmonkey/mp4/read.mp4,3.292,28.25,640,480,93,True
read_var5__signon.mp4,read,5,signon,https://media.signbsl.com/videos/bsl/signon/mp4/msw08.mp4,2.976,125.0,320,240,372,True
read_var6__corpusngt.mp4,read,6,corpusngt,https://media.signbsl.com/videos/bsl/corpusngt/mp4/vlc-record-2015-04-16-16h43m00s-BSL_CN_lex_b.mpg-.mp4,4.84,25.0,352,288,121,True
read_var7__ExeterDeafAcademyVoiceOff.mp4,read,7,ExeterDeafAcademyVoiceOff,https://media.signbsl.com/videos/bsl/ExeterDeafAcademyVoiceOff/mp4/EgC70ClOLlQ.mp4,6.44,25.0,640,360,161,True
write__signstation.mp4,write,1,signstation,https://media.signbsl.com/videos/bsl/signstation/write.mp4,2.04,25.0,320,240,51,True
write_var2__signon.mp4,write,2,signon,https://media.signbsl.com/videos/bsl/signon/mp4/msw09.mp4,3.344,125.0,320,240,418,True
write_var3__corpusngt.mp4,write,3,corpusngt,https://media.signbsl.com/videos/bsl/corpusngt/mp4/vlc-record-2015-04-24-20h25m48s-BSL_CN_lex_b.mpg-.mp4,3.64,25.0,352,288,91,True
write_var4__ExeterDeafAcademyVoiceOff.mp4,write,4,ExeterDeafAcademyVoiceOff,https://media.signbsl.com/videos/bsl/ExeterDeafAcademyVoiceOff/mp4/lk-uDN8iGbs.mp4,6.8,25.0,640,360,170,True
write_var5__mp4.mp4,write,5,ict,https://media.signbsl.com/videos/ict/mp4/797_write.mp4,1.96,25.0,320,240,49,True
good__signstation.mp4,good,1,signstation,https://media.signbsl.com/videos/bsl/signstation/good.mp4,1.48,25.0,320,240,37,True
good_var2__signstation.mp4,good,2,signstation,https://media.signbsl.com/videos/bsl/signstation/good-2.mp4,1.76,25.0,320,240,44,True
good_var3__youtube.mp4,good,3,youtube,https://media.signbsl.com/videos/bsl/youtube/mp4/PefUtWuFhzw.mp4,3.17,29.97,640,360,95,True
good_var4__signmonkey.mp4,good,4,signmonkey,https://media.signbsl.com/videos/bsl/signmonkey/mp4/good.mp4,2.291,42.333,640,480,97,True
good_var5__corpusngt.mp4,good,5,corpusngt,https://media.signbsl.com/videos/bsl/corpusngt/mp4/vlc-record-2015-04-08-15h09m41s-BSL_CN_lex_b.mpg-.mp4,3.88,25.0,352,288,97,True
good_var6__nf.mp4,good,6,nf,https://media.signbsl.com/videos/bsl/nf/mp4/Good.mp4,1.9,30.0,384,216,57,True
good_var7__youtube.mp4,good,7,youtube,https://media.signbsl.com/videos/bsl/youtube/mp4/4XCkq-gmmZg.mp4,3.36,25.0,640,360,84,True
good_var8__signstation.mp4,good,8,signstation,https://media.signbsl.com/videos/bsl/signstation/expert.mp4,1.52,25.0,320,240,38,True
bad__signstation.mp4,bad,1,signstation,https://media.signbsl.com/videos/bsl/signstation/bad.mp4,1.52,25.0,320,240,38,True
bad_var2__youtube.mp4,bad,2,youtube,https://media.signbsl.com/videos/bsl/youtube/mp4/Cg22tczx3nE.mp4,3.57,29.97,640,360,107,True
bad_var3__corpusngt.mp4,bad,3,corpusngt,https://media.signbsl.com/videos/bsl/corpusngt/mp4/vlc-record-2015-04-08-14h28m17s-BSL_CN_lex_b.mpg-.mp4,5.32,25.0,352,288,133,True
bad_var4__nf.mp4,bad,4,nf,https://media.signbsl.com/videos/bsl/nf/mp4/Bad.mp4,1.967,30.0,384,216,59,True
happy__signstation.mp4,happy,1,signstation,https://media.signbsl.com/videos/bsl/signstation/happy.mp4,1.8,25.0,320,240,45,True
happy_var2__signmonkey.mp4,happy,2,signmonkey,https://media.signbsl.com/videos/bsl/signmonkey/mp4/happy.mp4,2.183,120.0,640,480,262,True
happy_var3__corpusngt.mp4,happy,3,corpusngt,https://media.signbsl.com/videos/bsl/corpusngt/mp4/vlc-record-2015-04-08-15h13m09s-BSL_CN_lex_b.mpg-.mp4,3.76,25.0,352,288,94,True
happy_var4__gpnhs.mp4,happy,4,gpnhs,https://media.signbsl.com/videos/bsl/gpnhs/mp4/happy.mp4,3.237,29.97,480,360,97,True
happy_var5__nf.mp4,happy,5,nf,https://media.signbsl.com/videos/bsl/nf/mp4/Happy.mp4,2.233,30.0,384,216,67,True
happy_var6__ExeterDeafAcademyVoiceOff.mp4,happy,6,ExeterDeafAcademyVoiceOff,https://media.signbsl.com/videos/bsl/ExeterDeafAcademyVoiceOff/mp4/YKYDbfQ6ym4.mp4,6.88,25.0,640,360,172,True
happy_var7__deafsigns.mp4,happy,7,deafsigns,https://media.signbsl.com/videos/bsl/deafsigns/mp4/c0471251efc6c7340f8e7a39fcd3ccbc.mp4,4.067,30.0,640,582,122,True
happy_var8__youtube.mp4,happy,8,youtube,https://media.signbsl.com/videos/bsl/youtube/mp4/nphBfUBZ78c.mp4,2.769,29.97,640,360,83,True
sad__signstation.mp4,sad,1,signstation,https://media.signbsl.com/videos/bsl/signstation/101-06-605.mp4,2.48,25.0,512,374,62,True
sad_var2__deafway.mp4,sad,2,deafway,https://media.signbsl.com/videos/bsl/deafway/mp4/Sad.mp4,2.24,25.0,640,360,56,True
sad_var3__signmonkey.mp4,sad,3,signmonkey,https://media.signbsl.com/videos/bsl/signmonkey/mp4/sad.mp4,3.2,30.0,640,480,96,True
sad_var4__corpusngt.mp4,sad,4,corpusngt,https://media.signbsl.com/videos/bsl/corpusngt/mp4/vlc-record-2015-04-21-17h52m48s-BSL_CN_lex_b.mpg-.mp4,2.92,25.0,352,288,73,True
sad_var5__gpnhs.mp4,sad,5,gpnhs,https://media.signbsl.com/videos/bsl/gpnhs/mp4/sad.mp4,2.803,29.97,480,360,84,True
sad_var6__nf.mp4,sad,6,nf,https://media.signbsl.com/videos/bsl/nf/mp4/Sad.mp4,2.833,30.0,384,216,85,True
big__signstation.mp4,big,1,signstation,https://media.signbsl.com/videos/bsl/signstation/big.mp4,1.6,25.0,320,240,40,True
big_var2__signstation.mp4,big,2,signstation,https://media.signbsl.com/videos/bsl/signstation/large.mp4,1.84,25.0,320,240,46,True
big_var3__signstation.mp4,big,3,signstation,https://media.signbsl.com/videos/bsl/signstation/101-06-13.mp4,2.4,25.0,512,374,60,True
big_var4__signon.mp4,big,4,signon,https://media.signbsl.com/videos/bsl/signon/mp4/wsw63.mp4,3.16,25.0,320,240,79,True
big_var5__corpusngt.mp4,big,5,corpusngt,https://media.signbsl.com/videos/bsl/corpusngt/mp4/vlc-record-2015-04-08-14h30m13s-BSL_CN_lex_b.mpg-.mp4,7.48,25.0,352,288,187,True
big_var6__gpnhs.mp4,big,6,gpnhs,https://media.signbsl.com/videos/bsl/gpnhs/mp4/big.mp4,2.97,29.97,480,360,89,True
big_var7__bslfirst.mp4,big,7,bslfirst,https://media.signbsl.com/videos/bsl/bslfirst/mp4/996132040.mp4,2.803,29.97,720,404,84,True
small__signstation.mp4,small,1,signstation,https://media.signbsl.com/videos/bsl/signstation/small.mp4,2.68,25.0,320,240,67,True
small_var2__signstation.mp4,small,2,signstation,https://media.signbsl.com/videos/bsl/signstation/small-2.mp4,2.76,25.0,320,240,69,True
small_var3__signstation.mp4,small,3,signstation,https://media.signbsl.com/videos/bsl/signstation/little.mp4,1.96,25.0,320,240,49,True
small_var4__signstation.mp4,small,4,signstation,https://media.signbsl.com/videos/bsl/signstation/101-06-1119.mp4,2.44,25.0,512,374,61,True
small_var5__signstation.mp4,small,5,signstation,https://media.signbsl.com/videos/bsl/signstation/101-06-151.mp4,2.2,25.0,512,374,55,True
small_var6__signmonkey.mp4,small,6,signmonkey,https://media.signbsl.com/videos/bsl/signmonkey/mp4/little.mp4,2.294,28.333,640,480,65,True
small_var7__gpnhs.mp4,small,7,gpnhs,https://media.signbsl.com/videos/bsl/gpnhs/mp4/small.mp4,3.0,25.0,480,360,75,True
small_var8__bslfirst.mp4,small,8,bslfirst,https://media.signbsl.com/videos/bsl/bslfirst/mp4/996132145.mp4,2.836,29.97,720,404,85,True
small_var9__youtube.mp4,small,9,youtube,https://media.signbsl.com/videos/bsl/youtube/mp4/RoBVTT_PkUI.mp4,2.92,25.0,640,360,73,True
hot__signstation.mp4,hot,1,signstation,https://media.signbsl.com/videos/bsl/signstation/hot.mp4,1.64,25.0,320,240,41,True
hot_var2__winkball.mp4,hot,2,winkball,https://media.signbsl.com/videos/bsl/winkball/mp4/ccdf4c45-d156-4531-9baf-546fd146ca9d.mp4,5.4,30.0,448,336,162,True
hot_var3__signmonkey.mp4,hot,3,signmonkey,https://media.signbsl.com/videos/bsl/signmonkey/mp4/hot.mp4,2.967,30.0,640,480,89,True
hot_var4__corpusngt.mp4,hot,4,corpusngt,https://media.signbsl.com/videos/bsl/corpusngt/mp4/vlc-record-2015-04-08-15h16m45s-BSL_CN_lex_b.mpg-.mp4,4.72,25.0,352,288,118,True
hot_var5__corpusngt.mp4,hot,5,corpusngt,https://media.signbsl.com/videos/bsl/corpusngt/mp4/vlc-record-2015-04-08-15h17m05s-BSL_CN_lex_b.mpg-.mp4,4.48,25.0,352,288,112,True
hot_var6__nf.mp4,hot,6,nf,https://media.signbsl.com/videos/bsl/nf/mp4/Hot.mp4,2.502,29.97,384,216,75,True
hot_var7__nf.mp4,hot,7,nf,https://media.signbsl.com/videos/bsl/nf/mp4/Hot%20(in%20BSL)-HD.mp4,1.72,25.0,640,360,43,True
hot_var8__bslfirst.mp4,hot,8,bslfirst,https://media.signbsl.com/videos/bsl/bslfirst/mp4/996139086.mp4,4.171,29.97,720,404,125,True
hot_var9__bslfirst.mp4,hot,9,bslfirst,https://media.signbsl.com/videos/bsl/bslfirst/mp4/996138705.mp4,3.37,29.97,720,404,101,True
hot_var10__youtube.mp4,hot,10,youtube,https://media.signbsl.com/videos/bsl/youtube/mp4/jwCMswZefL4.mp4,6.067,30.0,640,360,182,True
hot_var11__gpnhs.mp4,hot,11,gpnhs,https://media.signbsl.com/videos/bsl/gpnhs/mp4/spicy.mp4,2.035,29.97,480,360,61,True
hot_var12__mp4.mp4,hot,12,wolver,https://media.signbsl.com/videos/wolver/mp4/sci_live__7000.mp4,1.68,25.0,400,300,42,True
cold__signstation.mp4,cold,1,signstation,https://media.signbsl.com/videos/bsl/signstation/101-06-1008.mp4,2.2,25.0,512,374,55,True
cold_var2__winkball.mp4,cold,2,winkball,https://media.signbsl.com/videos/bsl/winkball/mp4/0ea97717-2e58-4811-9bcf-74ba94f8afaf.mp4,6.0,30.0,448,336,180,True
cold_var3__signmonkey.mp4,cold,3,signmonkey,https://media.signbsl.com/videos/bsl/signmonkey/mp4/cold.mp4,2.7,30.0,640,480,81,True
cold_var4__corpusngt.mp4,cold,4,corpusngt,https://media.signbsl.com/videos/bsl/corpusngt/mp4/vlc-record-2015-04-08-14h39m11s-BSL_CN_lex_b.mpg-.mp4,4.84,25.0,352,288,121,True
cold_var5__gpnhs.mp4,cold,5,gpnhs,https://media.signbsl.com/videos/bsl/gpnhs/mp4/cold.mp4,2.436,29.97,480,360,73,True
cold_var6__nf.mp4,cold,6,nf,https://media.signbsl.com/videos/bsl/nf/mp4/Cold%20(in%20BSL)-HD.mp4,2.0,25.0,640,360,50,True
cold_var7__bslfirst.mp4,cold,7,bslfirst,https://media.signbsl.com/videos/bsl/bslfirst/mp4/996205087.mp4,6.44,29.97,720,404,193,True
cold_var8__youtube.mp4,cold,8,youtube,https://media.signbsl.com/videos/bsl/youtube/mp4/pQfGRJO34sU.mp4,4.7,30.0,640,360,141,True
cold_var9__signstation.mp4,cold,9,signstation,https://media.signbsl.com/videos/bsl/signstation/cold.mp4,1.64,25.0,320,240,41,True
cold_var10__youtube.mp4,cold,10,youtube,https://media.signbsl.com/videos/bsl/youtube/mp4/27rq1XOwL7Q.mp4,2.135,29.97,640,360,64,True
new__signstation.mp4,new,1,signstation,https://media.signbsl.com/videos/bsl/signstation/new.mp4,1.4,25.0,320,240,35,True
new_var2__signmonkey.mp4,new,2,signmonkey,https://media.signbsl.com/videos/bsl/signmonkey/mp4/new.mp4,2.769,29.97,640,480,83,True
new_var3__corpusngt.mp4,new,3,corpusngt,https://media.signbsl.com/videos/bsl/corpusngt/mp4/vlc-record-2015-04-16-16h30m53s-BSL_CN_lex_b.mpg-.mp4,2.92,25.0,352,288,73,True
new_var4__gpnhs.mp4,new,4,gpnhs,https://media.signbsl.com/videos/bsl/gpnhs/mp4/new.mp4,3.0,25.0,480,360,75,True
new_var5__nf.mp4,new,5,nf,https://media.signbsl.com/videos/bsl/nf/mp4/new.mp4,3.833,30.0,384,216,115,True
new_var6__bslfirst.mp4,new,6,bslfirst,https://media.signbsl.com/videos/bsl/bslfirst/mp4/996106256.mp4,3.003,29.97,720,404,90,True
old__signstation.mp4,old,1,signstation,https://media.signbsl.com/videos/bsl/signstation/old.mp4,1.48,25.0,320,240,37,True
old_var2__signmonkey.mp4,old,2,signmonkey,https://media.signbsl.com/videos/bsl/signmonkey/mp4/old.mp4,3.576,16.5,640,480,59,True
old_var3__signmonkey.mp4,old,3,signmonkey,https://media.signbsl.com/videos/bsl/signmonkey/mp4/old2.mp4,2.633,30.0,640,480,79,True
old_var4__corpusngt.mp4,old,4,corpusngt,https://media.signbsl.com/videos/bsl/corpusngt/mp4/vlc-record-2015-04-16-16h36m43s-BSL_CN_lex_b.mpg-.mp4,2.68,25.0,352,288,67,True
old_var5__gpnhs.mp4,old,5,gpnhs,https://media.signbsl.com/videos/bsl/gpnhs/mp4/old.mp4,2.97,29.97,480,360,89,True
old_var6__bslfirst.mp4,old,6,bslfirst,https://media.signbsl.com/videos/bsl/bslfirst/mp4/996106286.mp4,3.036,29.97,720,404,91,True
old_var7__youtube.mp4,old,7,youtube,https://media.signbsl.com/videos/bsl/youtube/mp4/e2e2ptLRkR0.mp4,5.0,29.799,640,360,149,True
old_var8__youtube.mp4,old,8,youtube,https://media.signbsl.com/videos/bsl/youtube/mp4/-T4PfvuAThM.mp4,3.0,25.0,640,360,75,True
fast__signstation.mp4,fast,1,signstation,https://media.signbsl.com/videos/bsl/signstation/fast.mp4,1.4,25.0,320,240,35,True
fast_var2__signon.mp4,fast,2,signon,https://media.signbsl.com/videos/bsl/signon/mp4/msw18.mp4,3.12,50.0,320,240,156,True
slow__signstation.mp4,slow,1,signstation,https://media.signbsl.com/videos/bsl/signstation/slow.mp4,2.6,25.0,320,240,65,True
slow_var2__youtube.mp4,slow,2,youtube,https://media.signbsl.com/videos/bsl/youtube/mp4/if-m8EMxgRI.mp4,3.84,25.0,480,320,96,True
slow_var3__signmonkey.mp4,slow,3,signmonkey,https://media.signbsl.com/videos/bsl/signmonkey/mp4/slow.mp4,2.718,28.333,640,480,77,True
slow_var4__gpnhs.mp4,slow,4,gpnhs,https://media.signbsl.com/videos/bsl/gpnhs/mp4/slow.mp4,3.37,29.97,480,360,101,True
slow_var5__signstation.mp4,slow,5,signstation,https://media.signbsl.com/videos/bsl/signstation/boring.mp4,2.96,25.0,320,240,74,True
slow_var6__gpnhs.mp4,slow,6,gpnhs,https://media.signbsl.com/videos/bsl/gpnhs/mp4/boring.mp4,2.002,29.97,480,360,60,True
slow_var7__bslfirst.mp4,slow,7,bslfirst,https://media.signbsl.com/videos/bsl/bslfirst/mp4/996138346.mp4,3.804,29.97,720,404,114,True
slow_var8__youtube.mp4,slow,8,youtube,https://media.signbsl.com/videos/bsl/youtube/mp4/eB9aedynocA.mp4,3.67,29.97,640,360,110,True
slow_var9__signstation.mp4,slow,9,signstation,https://media.signbsl.com/videos/bsl/signstation/dumb.mp4,1.32,25.0,320,240,33,True
easy__signstation.mp4,easy,1,signstation,https://media.signbsl.com/videos/bsl/signstation/easy.mp4,1.88,25.0,320,240,47,True
easy_var2__signmonkey.mp4,easy,2,signmonkey,https://media.signbsl.com/videos/bsl/signmonkey/mp4/easy.mp4,3.36,25.0,640,426,84,True
easy_var3__signon.mp4,easy,3,signon,https://media.signbsl.com/videos/bsl/signon/mp4/trw10.mp4,2.76,25.0,320,240,69,True
easy_var4__signon.mp4,easy,4,signon,https://media.signbsl.com/videos/bsl/signon/mp4/shw36.mp4,1.96,25.0,320,240,49,True
easy_var5__gpnhs.mp4,easy,5,gpnhs,https://media.signbsl.com/videos/bsl/gpnhs/mp4/easy.mp4,2.736,29.97,480,360,82,True
easy_var6__nf.mp4,easy,6,nf,https://media.signbsl.com/videos/bsl/nf/mp4/Easy.mp4,2.3,30.0,384,216,69,True
easy_var7__ExeterDeafAcademyVoiceOff.mp4,easy,7,ExeterDeafAcademyVoiceOff,https://media.signbsl.com/videos/bsl/ExeterDeafAcademyVoiceOff/mp4/k2HoQqV5JCU.mp4,7.12,25.0,640,360,178,True
easy_var8__youtube.mp4,easy,8,youtube,https://media.signbsl.com/videos/bsl/youtube/mp4/O13HhKBkNjs.mp4,3.6,25.0,640,360,90,True
easy_var9__youtube.mp4,easy,9,youtube,https://media.signbsl.com/videos/bsl/youtube/mp4/eB9aedynocA.mp4,3.67,29.97,640,360,110,True
hard__signstation.mp4,hard,1,signstation,https://media.signbsl.com/videos/bsl/signstation/difficult.mp4,1.8,25.0,320,240,45,True
hard_var2__signstation.mp4,hard,2,signstation,https://media.signbsl.com/videos/bsl/signstation/hard.mp4,1.6,25.0,320,240,40,True
hard_var3__signstation.mp4,hard,3,signstation,https://media.signbsl.com/videos/bsl/signstation/101-06-1569.mp4,4.04,25.0,512,374,101,True
hard_var4__signon.mp4,hard,4,signon,https://media.signbsl.com/videos/bsl/signon/mp4/trw80.mp4,2.96,25.0,320,240,74,True
hard_var5__gpnhs.mp4,hard,5,gpnhs,https://media.signbsl.com/videos/bsl/gpnhs/mp4/difficult.mp4,3.136,29.97,480,360,94,True
hard_var6__gpnhs.mp4,hard,6,gpnhs,https://media.signbsl.com/videos/bsl/gpnhs/mp4/hard.mp4,2.97,29.97,480,360,89,True
hard_var7__nf.mp4,hard,7,nf,https://media.signbsl.com/videos/bsl/nf/mp4/Hard.mp4,2.3,30.0,384,216,69,True
hard_var8__ExeterDeafAcademyVoiceOff.mp4,hard,8,ExeterDeafAcademyVoiceOff,https://media.signbsl.com/videos/bsl/ExeterDeafAcademyVoiceOff/mp4/YODKmBcnfK4.mp4,6.8,25.0,640,360,170,True
hard_var9__youtube.mp4,hard,9,youtube,https://media.signbsl.com/videos/bsl/youtube/mp4/V72NFtF5P_E.mp4,3.8,25.0,640,360,95,True
family__signstation.mp4,family,1,signstation,https://media.signbsl.com/videos/bsl/signstation/family.mp4,2.36,25.0,320,240,59,True
family_var2__deafway.mp4,family,2,deafway,https://media.signbsl.com/videos/bsl/deafway/mp4/Family.mp4,3.08,25.0,640,360,77,True
family_var3__signmonkey.mp4,family,3,signmonkey,https://media.signbsl.com/videos/bsl/signmonkey/mp4/family.mp4,2.88,25.0,640,426,72,True
family_var4__signmonkey.mp4,family,4,signmonkey,https://media.signbsl.com/videos/bsl/signmonkey/mp4/family2.mp4,2.867,30.0,640,480,86,True
family_var5__corpusngt.mp4,family,5,corpusngt,https://media.signbsl.com/videos/bsl/corpusngt/mp4/vlc-record-2015-04-08-14h57m42s-BSL_CN_lex_b.mpg-.mp4,4.12,25.0,352,288,103,True
family_var6__gpnhs.mp4,family,6,gpnhs,https://media.signbsl.com/videos/bsl/gpnhs/mp4/family.mp4,3.504,29.97,480,360,105,True
family_var7__nf.mp4,family,7,nf,https://media.signbsl.com/videos/bsl/nf/mp4/Family%20(in%20BSL)-HD.mp4,2.4,25.0,640,360,60,True
family_var8__bslfirst.mp4,family,8,bslfirst,https://media.signbsl.com/videos/bsl/bslfirst/mp4/996134928.mp4,2.669,29.97,720,404,80,True
family_var9__bslfirst.mp4,family,9,bslfirst,https://media.signbsl.com/videos/bsl/bslfirst/mp4/996263262.mp4,7.841,29.97,720,404,235,True
family_var10__bslfirst.mp4,family,10,bslfirst,https://media.signbsl.com/videos/bsl/bslfirst/mp4/996302904.mp4,5.372,29.97,720,404,161,True
family_var11__youtube.mp4,family,11,youtube,https://media.signbsl.com/videos/bsl/youtube/mp4/WcqX2aGPMP4.mp4,2.88,25.0,640,360,72,True
family_var12__signstation.mp4,family,12,signstation,https://media.signbsl.com/videos/bsl/signstation/category.mp4,1.44,25.0,320,240,36,True
family_var13__mp4.mp4,family,13,wolver,https://media.signbsl.com/videos/wolver/mp4/sci_family_6127.mp4,1.8,25.0,400,300,45,True
family_var14__bslfirst.mp4,family,14,bslfirst,https://media.signbsl.com/videos/bsl/bslfirst/mp4/996250468.mp4,6.707,29.97,720,404,201,True
family_var15__mp4.mp4,family,15,cs,https://media.signbsl.com/videos/cs/mp4/vn_fellowship.mp4,3.76,25.0,352,288,94,True
mother__signstation.mp4,mother,1,signstation,https://media.signbsl.com/videos/bsl/signstation/mother.mp4,1.64,25.0,320,240,41,True
mother_var2__deafway.mp4,mother,2,deafway,https://media.signbsl.com/videos/bsl/deafway/mp4/Mother%20or%20Mum.mp4,4.2,25.0,640,360,105,True
mother_var3__signmonkey.mp4,mother,3,signmonkey,https://media.signbsl.com/videos/bsl/signmonkey/mp4/mother.mp4,2.533,30.0,640,480,76,True
mother_var4__corpusngt.mp4,mother,4,corpusngt,https://media.signbsl.com/videos/bsl/corpusngt/mp4/vlc-record-2015-04-16-16h28m21s-BSL_CN_lex_b.mpg-.mp4,2.8,25.0,352,288,70,True
mother_var5__gpnhs.mp4,mother,5,gpnhs,https://media.signbsl.com/videos/bsl/gpnhs/mp4/mother.mp4,3.17,29.97,480,360,95,True
mother_var6__nf.mp4,mother,6,nf,https://media.signbsl.com/videos/bsl/nf/mp4/Mother%20(in%20BSL)-HD.mp4,1.76,25.0,640,360,44,True
mother_var7__youtube.mp4,mother,7,youtube,https://media.signbsl.com/videos/bsl/youtube/mp4/JE8UR9iKa2g.mp4,3.68,25.0,640,360,92,True
father__signstation.mp4,father,1,signstation,https://media.signbsl.com/videos/bsl/signstation/father.mp4,1.8,25.0,320,240,45,True
father_var2__deafway.mp4,father,2,deafway,https://media.signbsl.com/videos/bsl/deafway/mp4/Father%20or%20Dad.mp4,3.8,25.0,640,360,95,True
father_var3__signmonkey.mp4,father,3,signmonkey,https://media.signbsl.com/videos/bsl/signmonkey/mp4/father.mp4,2.5,30.0,640,480,75,True
father_var4__corpusngt.mp4,father,4,corpusngt,https://media.signbsl.com/videos/bsl/corpusngt/mp4/vlc-record-2015-04-08-14h58m20s-BSL_CN_lex_b.mpg-.mp4,3.4,25.0,352,288,85,True
father_var5__gpnhs.mp4,father,5,gpnhs,https://media.signbsl.com/videos/bsl/gpnhs/mp4/father.mp4,2.369,29.97,480,360,71,True
father_var6__nf.mp4,father,6,nf,https://media.signbsl.com/videos/bsl/nf/mp4/Father%20(in%20BSL)-HD.mp4,1.8,25.0,640,360,45,True
father_var7__youtube.mp4,father,7,youtube,https://media.signbsl.com/videos/bsl/youtube/mp4/tRLKdwYqqgI.mp4,3.6,25.0,640,360,90,True
father_var8__mp4.mp4,father,8,cs,https://media.signbsl.com/videos/cs/mp4/Patricia_Father.mp4,4.52,25.0,352,288,113,True
father_var9__mp4.mp4,father,9,cs,https://media.signbsl.com/videos/cs/mp4/Peter_Father.mp4,3.72,25.0,352,288,93,True
sister__signstation.mp4,sister,1,signstation,https://media.signbsl.com/videos/bsl/signstation/sister.mp4,1.52,25.0,320,240,38,True
sister_var2__signstation.mp4,sister,2,signstation,https://media.signbsl.com/videos/bsl/signstation/101-06-148.mp4,2.6,25.0,512,374,65,True
sister_var3__deafway.mp4,sister,3,deafway,https://media.signbsl.com/videos/bsl/deafway/mp4/Sister.mp4,2.56,25.0,640,360,64,True
sister_var4__signmonkey.mp4,sister,4,signmonkey,https://media.signbsl.com/videos/bsl/signmonkey/mp4/sister.mp4,2.867,30.0,640,480,86,True
sister_var5__corpusngt.mp4,sister,5,corpusngt,https://media.signbsl.com/videos/bsl/corpusngt/mp4/vlc-record-2015-04-21-18h00m36s-BSL_CN_lex_b.mpg-.mp4,3.04,25.0,352,288,76,True
sister_var6__gpnhs.mp4,sister,6,gpnhs,https://media.signbsl.com/videos/bsl/gpnhs/mp4/sister.mp4,2.669,29.97,480,360,80,True
sister_var7__nf.mp4,sister,7,nf,https://media.signbsl.com/videos/bsl/nf/mp4/Sister%20(in%20BSL)-HD.mp4,1.92,25.0,640,360,48,True
sister_var8__bslfirst.mp4,sister,8,bslfirst,https://media.signbsl.com/videos/bsl/bslfirst/mp4/996264347.mp4,5.539,29.97,720,404,166,True
sister_var9__youtube.mp4,sister,9,youtube,https://media.signbsl.com/videos/bsl/youtube/mp4/vthJxWUMggw.mp4,3.08,25.0,640,360,77,True
brother__signstation.mp4,brother,1,signstation,https://media.signbsl.com/videos/bsl/signstation/brother.mp4,1.64,25.0,320,240,41,True
brother_var2__signstation.mp4,brother,2,signstation,https://media.signbsl.com/videos/bsl/signstation/101-06-17.mp4,2.4,25.0,512,374,60,True
brother_var3__deafway.mp4,brother,3,deafway,https://media.signbsl.com/videos/bsl/deafway/mp4/Brother.mp4,3.0,25.0,640,360,75,True
brother_var4__signmonkey.mp4,brother,4,signmonkey,https://media.signbsl.com/videos/bsl/signmonkey/mp4/brother.mp4,2.833,30.0,640,480,85,True
brother_var5__corpusngt.mp4,brother,5,corpusngt,https://media.signbsl.com/videos/bsl/corpusngt/mp4/vlc-record-2015-04-08-14h33m59s-BSL_CN_lex_b.mpg-.mp4,3.76,25.0,352,288,94,True
brother_var6__gpnhs.mp4,brother,6,gpnhs,https://media.signbsl.com/videos/bsl/gpnhs/mp4/brother.mp4,2.87,29.97,480,360,86,True
brother_var7__nf.mp4,brother,7,nf,https://media.signbsl.com/videos/bsl/nf/mp4/Brother%20(in%20BSL)-HD.mp4,1.92,25.0,640,360,48,True
brother_var8__bslfirst.mp4,brother,8,bslfirst,https://media.signbsl.com/videos/bsl/bslfirst/mp4/996262631.mp4,7.541,29.97,720,404,226,True
brother_var9__youtube.mp4,brother,9,youtube,https://media.signbsl.com/videos/bsl/youtube/mp4/PxZlTaHVmys.mp4,3.2,25.0,640,360,80,True
brother_var10__signstation.mp4,brother,10,signstation,https://media.signbsl.com/videos/bsl/signstation/pal.mp4,1.44,25.0,320,240,36,True
brother_var11__mp4.mp4,brother,11,wolver,https://media.signbsl.com/videos/wolver/mp4/art_sideki_4178.mp4,3.04,25.0,400,300,76,True
friend__signstation.mp4,friend,1,signstation,https://media.signbsl.com/videos/bsl/signstation/friend.mp4,1.72,25.0,320,240,43,True
friend_var2__signmonkey.mp4,friend,2,signmonkey,https://media.signbsl.com/videos/bsl/signmonkey/mp4/friend.mp4,2.68,25.0,640,426,67,True
friend_var3__signmonkey.mp4,friend,3,signmonkey,https://media.signbsl.com/videos/bsl/signmonkey/mp4/friend2.mp4,3.633,30.0,640,480,109,True
friend_var4__gpnhs.mp4,friend,4,gpnhs,https://media.signbsl.com/videos/bsl/gpnhs/mp4/friend.mp4,2.97,29.97,480,360,89,True
friend_var5__nf.mp4,friend,5,nf,https://media.signbsl.com/videos/bsl/nf/mp4/friend.mp4,4.9,30.0,384,216,147,True
friend_var6__ExeterDeafAcademyVoiceOff.mp4,friend,6,ExeterDeafAcademyVoiceOff,https://media.signbsl.com/videos/bsl/ExeterDeafAcademyVoiceOff/mp4/RW9RFVm5q0w.mp4,7.24,25.0,640,360,181,True
friend_var7__bslfirst.mp4,friend,7,bslfirst,https://media.signbsl.com/videos/bsl/bslfirst/mp4/996135015.mp4,3.637,29.97,720,404,109,True
friend_var8__bslfirst.mp4,friend,8,bslfirst,https://media.signbsl.com/videos/bsl/bslfirst/mp4/996268295.mp4,8.442,29.97,720,404,253,True
child__signstation.mp4,child,1,signstation,https://media.signbsl.com/videos/bsl/signstation/child.mp4,1.76,25.0,320,240,44,True
child_var2__signstation.mp4,child,2,signstation,https://media.signbsl.com/videos/bsl/signstation/kid.mp4,1.6,25.0,320,240,40,True
child_var3__signstation.mp4,child,3,signstation,https://media.signbsl.com/videos/bsl/signstation/101-06-25.mp4,2.8,25.0,512,374,70,True
child_var4__signstation.mp4,child,4,signstation,https://media.signbsl.com/videos/bsl/signstation/children.mp4,1.8,25.0,512,374,45,True
child_var5__signstation.mp4,child,5,signstation,https://media.signbsl.com/videos/bsl/signstation/101-06-1987.mp4,2.72,25.0,512,374,68,True
child_var6__signstation.mp4,child,6,signstation,https://media.signbsl.com/videos/bsl/signstation/101-06-1988.mp4,2.24,25.0,512,374,56,True
child_var7__youtube.mp4,child,7,youtube,https://media.signbsl.com/videos/bsl/youtube/mp4/Kt2i_dtBu6c.mp4,7.216,23.976,640,360,173,True
child_var8__signmonkey.mp4,child,8,signmonkey,https://media.signbsl.com/videos/bsl/signmonkey/mp4/child.mp4,2.2,30.0,640,480,66,True
child_var9__signmonkey.mp4,child,9,signmonkey,https://media.signbsl.com/videos/bsl/signmonkey/mp4/children.mp4,2.767,30.0,640,480,83,True
child_var10__signon.mp4,child,10,signon,https://media.signbsl.com/videos/bsl/signon/mp4/trw60.mp4,2.68,25.0,320,240,67,True
child_var11__corpusngt.mp4,child,11,corpusngt,https://media.signbsl.com/videos/bsl/corpusngt/mp4/vlc-record-2015-04-08-14h37m21s-BSL_CN_lex_b.mpg-.mp4,3.52,25.0,352,288,88,True
child_var12__gpnhs.mp4,child,12,gpnhs,https://media.signbsl.com/videos/bsl/gpnhs/mp4/children.mp4,2.436,29.97,480,360,73,True
child_var13__nf.mp4,child,13,nf,https://media.signbsl.com/videos/bsl/nf/mp4/Children%20(in%20BSL)-HD.mp4,1.96,25.0,640,360,49,True
child_var14__youtube.mp4,child,14,youtube,https://media.signbsl.com/videos/bsl/youtube/mp4/z3_fq40b92M.mp4,3.16,25.0,640,360,79,True
baby__signstation.mp4,baby,1,signstation,https://media.signbsl.com/videos/bsl/signstation/baby.mp4,2.08,25.0,320,240,52,True
baby_var2__signstation.mp4,baby,2,signstation,https://media.signbsl.com/videos/bsl/signstation/101-06-12.mp4,2.8,25.0,512,374,70,True
baby_var3__youtube.mp4,baby,3,youtube,https://media.signbsl.com/videos/bsl/youtube/mp4/22XGK9eWaow.mp4,6.006,23.976,640,360,144,True
baby_var4__signmonkey.mp4,baby,4,signmonkey,https://media.signbsl.com/videos/bsl/signmonkey/mp4/baby.mp4,3.2,30.0,640,480,96,True
baby_var5__signon.mp4,baby,5,signon,https://media.signbsl.com/videos/bsl/signon/mp4/trw61.mp4,2.48,25.0,320,240,62,True
baby_var6__gpnhs.mp4,baby,6,gpnhs,https://media.signbsl.com/videos/bsl/gpnhs/mp4/baby.mp4,2.703,29.97,480,360,81,True
baby_var7__nf.mp4,baby,7,nf,https://media.signbsl.com/videos/bsl/nf/mp4/Baby%20(in%20BSL)-HD.mp4,1.76,25.0,640,360,44,True
baby_var8__youtube.mp4,baby,8,youtube,https://media.signbsl.com/videos/bsl/youtube/mp4/0lCRng7m9Xo.mp4,4.0,25.0,640,360,100,True
today__signstation.mp4,today,1,signstation,https://media.signbsl.com/videos/bsl/signstation/today.mp4,1.76,25.0,320,240,44,True
today_var2__winkball.mp4,today,2,winkball,https://media.signbsl.com/videos/bsl/winkball/mp4/49411e9c-9579-48b2-8289-9f938415f64a.mp4,8.467,30.0,448,336,254,True
today_var3__signmonkey.mp4,today,3,signmonkey,https://media.signbsl.com/videos/bsl/signmonkey/mp4/today.mp4,2.25,20.0,640,480,45,True
today_var4__gpnhs.mp4,today,4,gpnhs,https://media.signbsl.com/videos/bsl/gpnhs/mp4/today.mp4,3.637,29.97,480,360,109,True
today_var5__signon.mp4,today,5,signon,https://media.signbsl.com/videos/bsl/signon/mp4/shw14.mp4,2.92,25.0,320,240,73,True
tomorrow__signstation.mp4,tomorrow,1,signstation,https://media.signbsl.com/videos/bsl/signstation/tomorrow.mp4,1.68,25.0,320,240,42,True
tomorrow_var2__gpnhs.mp4,tomorrow,2,gpnhs,https://media.signbsl.com/videos/bsl/gpnhs/mp4/tomorrow.mp4,3.637,29.97,480,360,109,True
yesterday__signstation.mp4,yesterday,1,signstation,https://media.signbsl.com/videos/bsl/signstation/yesterday.mp4,1.52,25.0,320,240,38,True
yesterday_var2__signstation.mp4,yesterday,2,signstation,https://media.signbsl.com/videos/bsl/signstation/yesterday-2.mp4,1.68,25.0,320,240,42,True
yesterday_var3__winkball.mp4,yesterday,3,winkball,https://media.signbsl.com/videos/bsl/winkball/mp4/17ef3680-3abc-4e7c-9900-4dd5c5399c07.mp4,7.633,30.0,448,336,229,True
yesterday_var4__signmonkey.mp4,yesterday,4,signmonkey,https://media.signbsl.com/videos/bsl/signmonkey/mp4/yesterday.mp4,2.35,20.0,640,480,47,True
yesterday_var5__gpnhs.mp4,yesterday,5,gpnhs,https://media.signbsl.com/videos/bsl/gpnhs/mp4/yesterday.mp4,2.97,29.97,480,360,89,True
yesterday_var6__youtube.mp4,yesterday,6,youtube,https://media.signbsl.com/videos/bsl/youtube/mp4/MIR9aCJUEPA.mp4,6.039,29.97,640,360,181,True
now__signstation.mp4,now,1,signstation,https://media.signbsl.com/videos/bsl/signstation/101-06-1115.mp4,2.48,25.0,512,374,62,True
now_var2__youtube.mp4,now,2,youtube,https://media.signbsl.com/videos/bsl/youtube/mp4/kqg60c2FMmY.mp4,3.12,25.0,480,320,78,True
now_var3__signon.mp4,now,3,signon,https://media.signbsl.com/videos/bsl/signon/mp4/otw06.mp4,2.52,50.0,320,240,126,True
now_var4__signon.mp4,now,4,signon,https://media.signbsl.com/videos/bsl/signon/mp4/new55.mp4,2.672,250.0,320,240,668,True
now_var5__gpnhs.mp4,now,5,gpnhs,https://media.signbsl.com/videos/bsl/gpnhs/mp4/immediately.mp4,4.004,29.97,480,360,120,True
now_var6__signstation.mp4,now,6,signstation,https://media.signbsl.com/videos/bsl/signstation/now.mp4,2.0,25.0,320,240,50,True
now_var7__corpusngt.mp4,now,7,corpusngt,https://media.signbsl.com/videos/bsl/corpusngt/mp4/vlc-record-2015-04-16-16h35m04s-BSL_CN_lex_b.mpg-.mp4,2.68,25.0,352,288,67,True
now_var8__corpusngt.mp4,now,8,corpusngt,https://media.signbsl.com/videos/bsl/corpusngt/mp4/vlc-record-2015-04-24-20h28m48s-BSL_CN_lex_b.mpg-.mp4,4.12,25.0,352,288,103,True
now_var9__gpnhs.mp4,now,9,gpnhs,https://media.signbsl.com/videos/bsl/gpnhs/mp4/now.mp4,3.604,29.97,480,360,108,True
now_var10__signon.mp4,now,10,signon,https://media.signbsl.com/videos/bsl/signon/mp4/shw14.mp4,2.92,25.0,320,240,73,True
later__signstation.mp4,later,1,signstation,https://media.signbsl.com/videos/bsl/signstation/later.mp4,1.68,25.0,320,240,42,True
later_var2__signstation.mp4,later,2,signstation,https://media.signbsl.com/videos/bsl/signstation/afterwards.mp4,2.12,25.0,320,240,53,True
later_var3__signstation.mp4,later,3,signstation,https://media.signbsl.com/videos/bsl/signstation/after.mp4,1.72,25.0,320,240,43,True
later_var4__gpnhs.mp4,later,4,gpnhs,https://media.signbsl.com/videos/bsl/gpnhs/mp4/later.mp4,3.763,29.762,480,360,112,True
later_var5__youtube.mp4,later,5,youtube,https://media.signbsl.com/videos/bsl/youtube/mp4/rxWq8BLQEYU.mp4,5.606,29.97,640,360,168,True
morning__signstation.mp4,morning,1,signstation,https://media.signbsl.com/videos/bsl/signstation/good%20morning.mp4,1.72,25.0,320,240,43,True
morning_var2__deafway.mp4,morning,2,deafway,https://media.signbsl.com/videos/bsl/deafway/mp4/Good%20Morning.mp4,2.48,25.0,640,360,62,True
morning_var3__ExeterDeafAcademyVoiceOff.mp4,morning,3,ExeterDeafAcademyVoiceOff,https://media.signbsl.com/videos/bsl/ExeterDeafAcademyVoiceOff/mp4/E5UH1tG3x18.mp4,6.68,25.0,640,360,167,True
morning_var4__bslfirst.mp4,morning,4,bslfirst,https://media.signbsl.com/videos/bsl/bslfirst/mp4/996135548.mp4,2.769,29.97,720,404,83,True
morning_var5__youtube.mp4,morning,5,youtube,https://media.signbsl.com/videos/bsl/youtube/mp4/XVJw6txEkeM.mp4,5.6,30.0,640,360,168,True
morning_var6__youtube.mp4,morning,6,youtube,https://media.signbsl.com/videos/bsl/youtube/mp4/r6O5JdK_mK8.mp4,4.667,30.0,640,360,140,True
morning_var7__youtube.mp4,morning,7,youtube,https://media.signbsl.com/videos/bsl/youtube/mp4/5pWwSt1E018.mp4,3.04,25.0,640,360,76,True
morning_var8__youtube.mp4,morning,8,youtube,https://media.signbsl.com/videos/bsl/youtube/mp4/DSrn4pXEdMs.mp4,3.5,30.0,640,360,105,True
morning_var9__signstation.mp4,morning,9,signstation,https://media.signbsl.com/videos/bsl/signstation/morning.mp4,1.56,25.0,320,240,39,True
morning_var10__signstation.mp4,morning,10,signstation,https://media.signbsl.com/videos/bsl/signstation/morning-2.mp4,1.6,25.0,320,240,40,True
morning_var11__signmonkey.mp4,morning,11,signmonkey,https://media.signbsl.com/videos/bsl/signmonkey/mp4/morning.mp4,2.933,15.0,640,480,44,True
morning_var12__signmonkey.mp4,morning,12,signmonkey,https://media.signbsl.com/videos/bsl/signmonkey/mp4/morning2.mp4,3.283,42.333,640,480,139,True
morning_var13__corpusngt.mp4,morning,13,corpusngt,https://media.signbsl.com/videos/bsl/corpusngt/mp4/vlc-record-2015-04-16-16h28m04s-BSL_CN_lex_b.mpg-.mp4,2.44,25.0,352,288,61,True
morning_var14__gpnhs.mp4,morning,14,gpnhs,https://media.signbsl.com/videos/bsl/gpnhs/mp4/morning.mp4,3.56,25.0,480,360,89,True
morning_var15__youtube.mp4,morning,15,youtube,https://media.signbsl.com/videos/bsl/youtube/mp4/Pi8ZeGNkmyo.mp4,3.9,30.0,640,360,117,True
night__signstation.mp4,night,1,signstation,https://media.signbsl.com/videos/bsl/signstation/dark.mp4,1.88,25.0,320,240,47,True
night_var2__signstation.mp4,night,2,signstation,https://media.signbsl.com/videos/bsl/signstation/night.mp4,1.64,25.0,320,240,41,True
night_var3__winkball.mp4,night,3,winkball,https://media.signbsl.com/videos/bsl/winkball/mp4/4611da8b-0ac1-4821-9951-ba7385e3c66c.mp4,7.1,30.0,448,336,213,True
night_var4__signmonkey.mp4,night,4,signmonkey,https://media.signbsl.com/videos/bsl/signmonkey/mp4/dark.mp4,2.1,30.0,640,480,63,True
night_var5__signmonkey.mp4,night,5,signmonkey,https://media.signbsl.com/videos/bsl/signmonkey/mp4/night.mp4,2.717,42.333,640,480,115,True
night_var6__corpusngt.mp4,night,6,corpusngt,https://media.signbsl.com/videos/bsl/corpusngt/mp4/vlc-record-2015-04-08-14h41m41s-BSL_CN_lex_b.mpg-.mp4,3.88,25.0,352,288,97,True
night_var7__corpusngt.mp4,night,7,corpusngt,https://media.signbsl.com/videos/bsl/corpusngt/mp4/vlc-record-2015-04-16-16h31m58s-BSL_CN_lex_b.mpg-.mp4,5.56,25.0,352,288,139,True
night_var8__gpnhs.mp4,night,8,gpnhs,https://media.signbsl.com/videos/bsl/gpnhs/mp4/night.mp4,4.64,25.0,480,360,116,True
night_var9__nf.mp4,night,9,nf,https://media.signbsl.com/videos/bsl/nf/mp4/Night%20(in%20BSL)-HD.mp4,2.04,25.0,640,360,51,True
night_var10__hairandbeauty.mp4,night,10,hairandbeauty,https://media.signbsl.com/videos/bsl/hairandbeauty/mp4/Dark.mp4,3.237,29.97,320,240,97,True
night_var11__bslfirst.mp4,night,11,bslfirst,https://media.signbsl.com/videos/bsl/bslfirst/mp4/996135639.mp4,3.303,29.97,720,404,99,True
night_var12__youtube.mp4,night,12,youtube,https://media.signbsl.com/videos/bsl/youtube/mp4/4kZLJXg6TTE.mp4,4.867,30.0,640,360,146,True
week__signstation.mp4,week,1,signstation,https://media.signbsl.com/videos/bsl/signstation/week.mp4,1.68,25.0,320,240,42,True
week_var2__signstation.mp4,week,2,signstation,https://media.signbsl.com/videos/bsl/signstation/weeks.mp4,1.64,25.0,512,374,41,True
week_var3__winkball.mp4,week,3,winkball,https://media.signbsl.com/videos/bsl/winkball/mp4/ee66d41d-1732-432c-b555-eb97e775d29a.mp4,7.6,30.0,448,336,228,True
week_var4__signmonkey.mp4,week,4,signmonkey,https://media.signbsl.com/videos/bsl/signmonkey/mp4/week.mp4,3.1,20.0,640,480,62,True
week_var5__gpnhs.mp4,week,5,gpnhs,https://media.signbsl.com/videos/bsl/gpnhs/mp4/week.mp4,3.237,29.97,480,360,97,True
week_var6__bslfirst.mp4,week,6,bslfirst,https://media.signbsl.com/videos/bsl/bslfirst/mp4/996135728.mp4,3.604,29.97,720,404,108,True
month__signstation.mp4,month,1,signstation,https://media.signbsl.com/videos/bsl/signstation/month.mp4,1.96,25.0,320,240,49,True
month_var2__winkball.mp4,month,2,winkball,https://media.signbsl.com/videos/bsl/winkball/mp4/cb21f4a0-b69e-4848-af98-2b54ebbefcff.mp4,8.267,30.0,448,336,248,True
month_var3__signmonkey.mp4,month,3,signmonkey,https://media.signbsl.com/videos/bsl/signmonkey/mp4/month.mp4,2.25,20.0,640,480,45,True
month_var4__corpusngt.mp4,month,4,corpusngt,https://media.signbsl.com/videos/bsl/corpusngt/mp4/vlc-record-2015-04-10-11h45m52s-BSL_CN_lex_b.mpg-.mp4,4.36,25.0,352,288,109,True
month_var5__gpnhs.mp4,month,5,gpnhs,https://media.signbsl.com/videos/bsl/gpnhs/mp4/month.mp4,3.237,29.97,480,360,97,True
year__signstation.mp4,year,1,signstation,https://media.signbsl.com/videos/bsl/signstation/year.mp4,1.56,25.0,320,240,39,True
year_var2__signstation.mp4,year,2,signstation,https://media.signbsl.com/videos/bsl/signstation/year-2.mp4,1.68,25.0,320,240,42,True
year_var3__winkball.mp4,year,3,winkball,https://media.signbsl.com/videos/bsl/winkball/mp4/3a7cf455-d19f-461c-810d-693fe63142ef.mp4,8.7,30.0,448,336,261,True
year_var4__signmonkey.mp4,year,4,signmonkey,https://media.signbsl.com/videos/bsl/signmonkey/mp4/year.mp4,2.45,20.0,640,480,49,True
year_var5__corpusngt.mp4,year,5,corpusngt,https://media.signbsl.com/videos/bsl/corpusngt/mp4/vlc-record-2015-04-24-20h26m34s-BSL_CN_lex_b.mpg-.mp4,3.52,25.0,352,288,88,True
home__signstation.mp4,home,1,signstation,https://media.signbsl.com/videos/bsl/signstation/home.mp4,1.92,25.0,320,240,48,True
home_var2__signstation.mp4,home,2,signstation,https://media.signbsl.com/videos/bsl/signstation/home-2.mp4,1.28,25.0,320,240,32,True
home_var3__signstation.mp4,home,3,signstation,https://media.signbsl.com/videos/bsl/signstation/home-3.mp4,1.72,25.0,320,240,43,True
home_var4__signstation.mp4,home,4,signstation,https://media.signbsl.com/videos/bsl/signstation/place.mp4,1.88,25.0,320,240,47,True
home_var5__mp4.mp4,home,5,wolver,https://media.signbsl.com/videos/wolver/mp4/eng_home_8906.mp4,1.52,25.0,400,300,38,True
home_var6__deafway.mp4,home,6,deafway,https://media.signbsl.com/videos/bsl/deafway/mp4/home.mp4,2.73,15.018,480,270,41,True
home_var7__youtube.mp4,home,7,youtube,https://media.signbsl.com/videos/bsl/youtube/mp4/n50XEdaPH5I.mp4,5.13,23.976,640,360,123,True
home_var8__signmonkey.mp4,home,8,signmonkey,https://media.signbsl.com/videos/bsl/signmonkey/mp4/home.mp4,1.708,24.0,640,480,41,True
home_var9__bslfirst.mp4,home,9,bslfirst,https://media.signbsl.com/videos/bsl/bslfirst/mp4/996136186.mp4,2.769,29.97,720,404,83,True
home_var10__mp4.mp4,home,10,wolver,https://media.signbsl.com/videos/wolver/mp4/eng_dwelli_8346.mp4,1.76,25.0,400,300,44,True
home_var11__mp4.mp4,home,11,wolver,https://media.signbsl.com/videos/wolver/mp4/eng_dwelli_8347.mp4,1.48,25.0,400,300,37,True
home_var12__mp4.mp4,home,12,wolver,https://media.signbsl.com/videos/wolver/mp4/eng_dwelli_8348.mp4,1.6,25.0,400,300,40,True
home_var13__bslfirst.mp4,home,13,bslfirst,https://media.signbsl.com/videos/bsl/bslfirst/mp4/996250468.mp4,6.707,29.97,720,404,201,True
school__signstation.mp4,school,1,signstation,https://media.signbsl.com/videos/bsl/signstation/school.mp4,1.92,25.0,320,240,48,True
school_var2__mp4.mp4,school,2,wolver,https://media.signbsl.com/videos/wolver/mp4/3606_School_ArtMvt.mp4,2.48,25.0,400,300,62,True
school_var3__signmonkey.mp4,school,3,signmonkey,https://media.signbsl.com/videos/bsl/signmonkey/mp4/school.mp4,3.16,28.167,640,480,89,True
school_var4__corpusngt.mp4,school,4,corpusngt,https://media.signbsl.com/videos/bsl/corpusngt/mp4/vlc-record-2015-04-21-17h54m33s-BSL_CN_lex_b.mpg-.mp4,4.12,25.0,352,288,103,True
school_var5__nf.mp4,school,5,nf,https://media.signbsl.com/videos/bsl/nf/mp4/School%20(in%20BSL)-HD.mp4,2.16,25.0,640,360,54,True
office__signstation.mp4,office,1,signstation,https://media.signbsl.com/videos/bsl/signstation/part.mp4,1.72,25.0,320,240,43,True
office_var2__signstation.mp4,office,2,signstation,https://media.signbsl.com/videos/bsl/signstation/office.mp4,1.8,25.0,320,240,45,True
office_var3__mp4.mp4,office,3,wolver,https://media.signbsl.com/videos/wolver/mp4/art_role_4170.mp4,2.4,25.0,400,300,60,True
office_var4__signmonkey.mp4,office,4,signmonkey,https://media.signbsl.com/videos/bsl/signmonkey/mp4/office.mp4,2.982,28.5,640,480,85,True
office_var5__gpnhs.mp4,office,5,gpnhs,https://media.signbsl.com/videos/bsl/gpnhs/mp4/office.mp4,2.97,29.97,480,360,89,True
office_var6__gpnhs.mp4,office,6,gpnhs,https://media.signbsl.com/videos/bsl/gpnhs/mp4/role.mp4,3.303,29.97,480,360,99,True
office_var7__nf.mp4,office,7,nf,https://media.signbsl.com/videos/bsl/nf/mp4/Office%20(in%20BSL)-HD.mp4,2.28,25.0,640,360,57,True
office_var8__signstation.mp4,office,8,signstation,https://media.signbsl.com/videos/bsl/signstation/authority.mp4,1.6,25.0,320,240,40,True
office_var9__signstation.mp4,office,9,signstation,https://media.signbsl.com/videos/bsl/signstation/agency.mp4,2.0,25.0,320,240,50,True
office_var10__nf.mp4,office,10,nf,https://media.signbsl.com/videos/bsl/nf/mp4/Agency.mp4,2.5,30.0,384,216,75,True
office_var11__bslfirst.mp4,office,11,bslfirst,https://media.signbsl.com/videos/bsl/bslfirst/mp4/996278128.mp4,6.607,29.97,720,404,198,True
shop__signstation.mp4,shop,1,signstation,https://media.signbsl.com/videos/bsl/signstation/workshop.mp4,1.76,25.0,320,240,44,True
shop_var2__mp4.mp4,shop,2,wolver,https://media.signbsl.com/videos/wolver/mp4/art_worksh_3822.mp4,2.76,25.0,400,300,69,True
shop_var3__mp4.mp4,shop,3,wolver,https://media.signbsl.com/videos/wolver/mp4/eng_worksh_8783.mp4,1.92,25.0,400,300,48,True
shop_var4__gpnhs.mp4,shop,4,gpnhs,https://media.signbsl.com/videos/bsl/gpnhs/mp4/workshop.mp4,4.68,25.0,480,360,117,True
shop_var5__bslfirst.mp4,shop,5,bslfirst,https://media.signbsl.com/videos/bsl/bslfirst/mp4/996283770.mp4,7.941,29.97,720,404,238,True
shop_var6__signstation.mp4,shop,6,signstation,https://media.signbsl.com/videos/bsl/signstation/shop.mp4,1.56,25.0,320,240,39,True
shop_var7__signmonkey.mp4,shop,7,signmonkey,https://media.signbsl.com/videos/bsl/signmonkey/mp4/shop.mp4,2.333,15.0,640,480,35,True
shop_var8__gpnhs.mp4,shop,8,gpnhs,https://media.signbsl.com/videos/bsl/gpnhs/mp4/shop.mp4,2.97,29.97,480,360,89,True
shop_var9__nf.mp4,shop,9,nf,https://media.signbsl.com/videos/bsl/nf/mp4/Shop%20(in%20BSL)-HD.mp4,2.16,25.0,640,360,54,True
hospital__deafway.mp4,hospital,1,deafway,https://media.signbsl.com/videos/bsl/deafway/mp4/hospital.mp4,3.13,15.016,480,270,47,True
hospital_var2__gpnhs.mp4,hospital,2,gpnhs,https://media.signbsl.com/videos/bsl/gpnhs/mp4/hospital.mp4,7.4,15.0,640,426,111,True
hospital_var3__bslfirst.mp4,hospital,3,bslfirst,https://media.signbsl.com/videos/bsl/bslfirst/mp4/996139952.mp4,2.202,29.97,720,404,66,True
one__signstation.mp4,one,1,signstation,https://media.signbsl.com/videos/bsl/signstation/one.mp4,1.12,25.0,320,240,28,True
one_var2__signstation.mp4,one,2,signstation,https://media.signbsl.com/videos/bsl/signstation/1.mp4,1.68,25.0,320,240,42,True
one_var3__corpusngt.mp4,one,3,corpusngt,https://media.signbsl.com/videos/bsl/corpusngt/mp4/vlc-record-2015-04-16-16h36m58s-BSL_CN_lex_b.mpg-.mp4,2.44,25.0,352,288,61,True
one_var4__corpusngt.mp4,one,4,corpusngt,https://media.signbsl.com/videos/bsl/corpusngt/mp4/vlc-record-2015-04-24-20h29m04s-BSL_CN_lex_b.mpg-.mp4,3.64,25.0,352,288,91,True
one_var5__nf.mp4,one,5,nf,https://media.signbsl.com/videos/bsl/nf/mp4/1.mp4,1.833,30.0,384,216,55,True
one_var6__bslfirst.mp4,one,6,bslfirst,https://media.signbsl.com/videos/bsl/bslfirst/mp4/996135209.mp4,2.803,29.97,720,404,84,True
one_var7__bslfirst.mp4,one,7,bslfirst,https://media.signbsl.com/videos/bsl/bslfirst/mp4/996264332.mp4,7.674,29.97,720,404,230,True
one_var8__youtube.mp4,one,8,youtube,https://media.signbsl.com/videos/bsl/youtube/mp4/FXp2JnaNHXM.mp4,3.2,25.0,640,360,80,True
one_var9__youtube.mp4,one,9,youtube,https://media.signbsl.com/videos/bsl/youtube/mp4/Eo5LWrnzza8.mp4,3.2,25.0,640,360,80,True
two__signstation.mp4,two,1,signstation,https://media.signbsl.com/videos/bsl/signstation/two.mp4,2.44,25.0,320,240,61,True
two_var2__signstation.mp4,two,2,signstation,https://media.signbsl.com/videos/bsl/signstation/2.mp4,1.48,25.0,320,240,37,True
two_var3__nf.mp4,two,3,nf,https://media.signbsl.com/videos/bsl/nf/mp4/2.mp4,2.1,30.0,384,216,63,True
two_var4__youtube.mp4,two,4,youtube,https://media.signbsl.com/videos/bsl/youtube/mp4/epWswA2Ew70.mp4,3.44,25.0,640,360,86,True
three__signstation.mp4,three,1,signstation,https://media.signbsl.com/videos/bsl/signstation/three.mp4,1.08,25.0,320,240,27,True
three_var2__signstation.mp4,three,2,signstation,https://media.signbsl.com/videos/bsl/signstation/3.mp4,1.68,25.0,320,240,42,True
three_var3__signstation.mp4,three,3,signstation,https://media.signbsl.com/videos/bsl/signstation/101-06-166.mp4,2.92,25.0,512,374,73,True
three_var4__corpusngt.mp4,three,4,corpusngt,https://media.signbsl.com/videos/bsl/corpusngt/mp4/vlc-record-2015-04-24-20h15m38s-BSL_CN_lex_b.mpg-.mp4,2.8,25.0,352,288,70,True
three_var5__nf.mp4,three,5,nf,https://media.signbsl.com/videos/bsl/nf/mp4/3.mp4,2.233,30.0,384,216,67,True
three_var6__youtube.mp4,three,6,youtube,https://media.signbsl.com/videos/bsl/youtube/mp4/AHN3sMdQzTg.mp4,3.24,25.0,640,360,81,True
four__signstation.mp4,four,1,signstation,https://media.signbsl.com/videos/bsl/signstation/four.mp4,1.64,25.0,320,240,41,True
four_var2__signstation.mp4,four,2,signstation,https://media.signbsl.com/videos/bsl/signstation/4.mp4,1.92,25.0,320,240,48,True
four_var3__signstation.mp4,four,3,signstation,https://media.signbsl.com/videos/bsl/signstation/101-06-50.mp4,2.8,25.0,512,374,70,True
four_var4__corpusngt.mp4,four,4,corpusngt,https://media.signbsl.com/videos/bsl/corpusngt/mp4/vlc-record-2015-04-08-15h05m35s-BSL_CN_lex_b.mpg-.mp4,3.28,25.0,352,288,82,True
four_var5__nf.mp4,four,5,nf,https://media.signbsl.com/videos/bsl/nf/mp4/4.mp4,2.367,30.0,384,216,71,True
four_var6__youtube.mp4,four,6,youtube,https://media.signbsl.com/videos/bsl/youtube/mp4/9Ecdizjxrb0.mp4,3.0,25.0,640,360,75,True
five__signstation.mp4,five,1,signstation,https://media.signbsl.com/videos/bsl/signstation/five.mp4,2.08,25.0,320,240,52,True
five_var2__signstation.mp4,five,2,signstation,https://media.signbsl.com/videos/bsl/signstation/5.mp4,1.76,25.0,320,240,44,True
five_var3__corpusngt.mp4,five,3,corpusngt,https://media.signbsl.com/videos/bsl/corpusngt/mp4/vlc-record-2015-04-08-15h03m09s-BSL_CN_lex_b.mpg-.mp4,3.64,25.0,352,288,91,True
five_var4__nf.mp4,five,4,nf,https://media.signbsl.com/videos/bsl/nf/mp4/5.mp4,2.367,30.0,384,216,71,True
five_var5__youtube.mp4,five,5,youtube,https://media.signbsl.com/videos/bsl/youtube/mp4/QApm7v9LgZA.mp4,3.12,25.0,640,360,78,True
food__signstation.mp4,food,1,signstation,https://media.signbsl.com/videos/bsl/signstation/food.mp4,1.2,25.0,320,240,30,True
food_var2__nutrient.mp4.mp4,food,2,ssc,https://media.signbsl.com/videos/ssc/nutrient.mp4,5.52,25.0,400,320,138,True
food_var3__youtube.mp4,food,3,youtube,https://media.signbsl.com/videos/bsl/youtube/mp4/JGjCpTB3hoY.mp4,3.67,29.97,640,360,110,True
food_var4__youtube.mp4,food,4,youtube,https://media.signbsl.com/videos/bsl/youtube/mp4/K49S-RFmmcM.mp4,6.333,30.0,640,360,190,True
food_var5__youtube.mp4,food,5,youtube,https://media.signbsl.com/videos/bsl/youtube/mp4/XZeoAyA15xo.mp4,3.04,25.0,640,360,76,True
food_var6__signmonkey.mp4,food,6,signmonkey,https://media.signbsl.com/videos/bsl/signmonkey/mp4/food.mp4,2.147,34.0,640,480,73,True
food_var7__nf.mp4,food,7,nf,https://media.signbsl.com/videos/bsl/nf/mp4/Food.mp4,2.033,30.0,384,216,61,True
water__signstation.mp4,water,1,signstation,https://media.signbsl.com/videos/bsl/signstation/water.mp4,3.12,25.0,320,240,78,True
water_var2__youtube.mp4,water,2,youtube,https://media.signbsl.com/videos/bsl/youtube/mp4/ileflQR1tQU.mp4,3.337,23.976,640,360,80,True
water_var3__youtube.mp4,water,3,youtube,https://media.signbsl.com/videos/bsl/youtube/mp4/MZaSmY8hezQ.mp4,3.07,29.97,640,360,92,True
water_var4__youtube.mp4,water,4,youtube,https://media.signbsl.com/videos/bsl/youtube/mp4/w43YPEXubZE.mp4,3.28,25.0,480,320,82,True
water_var5__signmonkey.mp4,water,5,signmonkey,https://media.signbsl.com/videos/bsl/signmonkey/mp4/water.mp4,2.433,42.333,640,480,103,True
water_var6__youtube.mp4,water,6,youtube,https://media.signbsl.com/videos/bsl/youtube/mp4/gYS3rLdAFds.mp4,6.2,30.0,640,360,186,True
water_var7__urine.mp4.mp4,water,7,ssc,https://media.signbsl.com/videos/ssc/urine.mp4,3.8,25.0,400,320,95,True
toilet__signstation.mp4,toilet,1,signstation,https://media.signbsl.com/videos/bsl/signstation/toilet.mp4,1.64,25.0,320,240,41,True
toilet_var2__signstation.mp4,toilet,2,signstation,https://media.signbsl.com/videos/bsl/signstation/toilet-2.mp4,1.44,25.0,320,240,36,True
toilet_var3__youtube.mp4,toilet,3,youtube,https://media.signbsl.com/videos/bsl/youtube/mp4/xvcYLsgpxEA.mp4,3.837,23.976,640,360,92,True
toilet_var4__youtube.mp4,toilet,4,youtube,https://media.signbsl.com/videos/bsl/youtube/mp4/-XE4HgN-OLA.mp4,3.203,29.97,640,360,96,True
toilet_var5__signmonkey.mp4,toilet,5,signmonkey,https://media.signbsl.com/videos/bsl/signmonkey/mp4/toilet.mp4,2.15,20.0,640,480,43,True
toilet_var6__gpnhs.mp4,toilet,6,gpnhs,https://media.signbsl.com/videos/bsl/gpnhs/mp4/toilet.mp4,3.704,29.97,480,360,111,True
toilet_var7__bslfirst.mp4,toilet,7,bslfirst,https://media.signbsl.com/videos/bsl/bslfirst/mp4/996136459.mp4,3.704,29.97,720,404,111,True
toilet_var8__bslfirst.mp4,toilet,8,bslfirst,https://media.signbsl.com/videos/bsl/bslfirst/mp4/996264636.mp4,8.208,29.97,720,404,246,True
toilet_var9__youtube.mp4,toilet,9,youtube,https://media.signbsl.com/videos/bsl/youtube/mp4/rCeVPjIEAeo.mp4,3.44,25.0,640,360,86,True
toilet_var10__signstation.mp4,toilet,10,signstation,https://media.signbsl.com/videos/bsl/signstation/bathroom.mp4,1.68,25.0,320,240,42,True
toilet_var11__youtube.mp4,toilet,11,youtube,https://media.signbsl.com/videos/bsl/youtube/mp4/j4iLUYHHEtI.mp4,6.131,23.976,640,360,147,True
toilet_var12__signmonkey.mp4,toilet,12,signmonkey,https://media.signbsl.com/videos/bsl/signmonkey/mp4/bathroom.mp4,3.75,20.0,640,480,75,True
toilet_var13__gpnhs.mp4,toilet,13,gpnhs,https://media.signbsl.com/videos/bsl/gpnhs/mp4/bathroom.mp4,2.97,29.97,480,360,89,True
toilet_var14__bslfirst.mp4,toilet,14,bslfirst,https://media.signbsl.com/videos/bsl/bslfirst/mp4/996262543.mp4,3.0,30.0,720,404,90,True
money__signstation.mp4,money,1,signstation,https://media.signbsl.com/videos/bsl/signstation/money.mp4,2.48,25.0,320,240,62,True
money_var2__signstation.mp4,money,2,signstation,https://media.signbsl.com/videos/bsl/signstation/101-06-1349.mp4,3.32,25.0,512,374,83,True
money_var3__youtube.mp4,money,3,youtube,https://media.signbsl.com/videos/bsl/youtube/mp4/KINyfaNwfW0.mp4,3.37,29.97,640,360,101,True
money_var4__signmonkey.mp4,money,4,signmonkey,https://media.signbsl.com/videos/bsl/signmonkey/mp4/money.mp4,2.333,15.0,640,480,35,True
money_var5__gpnhs.mp4,money,5,gpnhs,https://media.signbsl.com/videos/bsl/gpnhs/mp4/money.mp4,3.637,29.97,480,360,109,True
money_var6__youtube.mp4,money,6,youtube,https://media.signbsl.com/videos/bsl/youtube/mp4/ig3WdSRnUO8.mp4,2.56,25.0,640,360,64,True
phone__signstation.mp4,phone,1,signstation,https://media.signbsl.com/videos/bsl/signstation/telephone.mp4,2.88,25.0,320,240,72,True
phone_var2__signstation.mp4,phone,2,signstation,https://media.signbsl.com/videos/bsl/signstation/phone.mp4,1.68,25.0,320,240,42,True
phone_var3__youtube.mp4,phone,3,youtube,https://media.signbsl.com/videos/bsl/youtube/mp4/-WENdhteGGc.mp4,9.593,23.976,640,360,230,True
phone_var4__corpusngt.mp4,phone,4,corpusngt,https://media.signbsl.com/videos/bsl/corpusngt/mp4/vlc-record-2015-04-24-20h13m48s-BSL_CN_lex_b.mpg-.mp4,5.08,25.0,352,288,127,True
phone_var5__nf.mp4,phone,5,nf,https://media.signbsl.com/videos/bsl/nf/mp4/Phone%20(in%20BSL)-HD.mp4,2.84,25.0,640,360,71,True
phone_var6__bslfirst.mp4,phone,6,bslfirst,https://media.signbsl.com/videos/bsl/bslfirst/mp4/996264528.mp4,6.773,29.97,720,404,203,True
phone_var7__youtube.mp4,phone,7,youtube,https://media.signbsl.com/videos/bsl/youtube/mp4/gUOGNeTfVLw.mp4,3.16,25.0,640,360,79,True
phone_var8__signstation.mp4,phone,8,signstation,https://media.signbsl.com/videos/bsl/signstation/headphone.mp4,1.8,25.0,320,240,45,True
phone_var9__mp4.mp4,phone,9,wolver,https://media.signbsl.com/videos/wolver/mp4/3984_Headphones.mp4,3.04,25.0,400,300,76,True
phone_var10__mp4.mp4,phone,10,ict,https://media.signbsl.com/videos/ict/mp4/482_headphones.mp4,2.24,25.0,320,240,56,True
phone_var11__youtube.mp4,phone,11,youtube,https://media.signbsl.com/videos/bsl/youtube/mp4/JblFE_lyY8k.mp4,3.56,25.0,480,320,89,True
name__signstation.mp4,name,1,signstation,https://media.signbsl.com/videos/bsl/signstation/name.mp4,2.68,25.0,320,240,67,True
name_var2__signmonkey.mp4,name,2,signmonkey,https://media.signbsl.com/videos/bsl/signmonkey/mp4/name.mp4,2.85,28.417,640,480,81,True
name_var3__corpusngt.mp4,name,3,corpusngt,https://media.signbsl.com/videos/bsl/corpusngt/mp4/vlc-record-2015-04-16-16h30m16s-BSL_CN_lex_b.mpg-.mp4,2.68,25.0,352,288,67,True
name_var4__gpnhs.mp4,name,4,gpnhs,https://media.signbsl.com/videos/bsl/gpnhs/mp4/name.mp4,3.44,25.0,480,360,86,True
name_var5__signstation.mp4,name,5,signstation,https://media.signbsl.com/videos/bsl/signstation/appoint.mp4,1.6,25.0,320,240,40,True
name_var6__signstation.mp4,name,6,signstation,https://media.signbsl.com/videos/bsl/signstation/nominate.mp4,1.76,25.0,320,240,44,True
name_var7__mp4.mp4,name,7,ict,https://media.signbsl.com/videos/ict/mp4/1055_call.mp4,2.16,25.0,320,240,54,True
name_var8__youtube.mp4,name,8,youtube,https://media.signbsl.com/videos/bsl/youtube/mp4/d6t6yci_1yc.mp4,21.24,25.0,640,360,531,True
name_var9__signon.mp4,name,9,signon,https://media.signbsl.com/videos/bsl/signon/mp4/dpw49.mp4,2.6,25.0,320,240,65,True
deaf__signstation.mp4,deaf,1,signstation,https://media.signbsl.com/videos/bsl/signstation/deaf.mp4,1.84,25.0,320,240,46,True
deaf_var2__signstation.mp4,deaf,2,signstation,https://media.signbsl.com/videos/bsl/signstation/deaf-2.mp4,1.6,25.0,320,240,40,True
deaf_var3__youtube.mp4,deaf,3,youtube,https://media.signbsl.com/videos/bsl/youtube/mp4/JC0am3kRCxI.mp4,3.16,25.0,480,320,79,True
deaf_var4__signmonkey.mp4,deaf,4,signmonkey,https://media.signbsl.com/videos/bsl/signmonkey/mp4/deaf.mp4,2.147,28.417,640,480,61,True
deaf_var5__corpusngt.mp4,deaf,5,corpusngt,https://media.signbsl.com/videos/bsl/corpusngt/mp4/vlc-record-2015-04-08-14h43m41s-BSL_CN_lex_b.mpg-.mp4,4.12,25.0,352,288,103,True
deaf_var6__corpusngt.mp4,deaf,6,corpusngt,https://media.signbsl.com/videos/bsl/corpusngt/mp4/vlc-record-2015-04-08-14h44m01s-BSL_CN_lex_b.mpg-.mp4,4.0,25.0,352,288,100,True
deaf_var7__ExeterDeafAcademyVoiceOff.mp4,deaf,7,ExeterDeafAcademyVoiceOff,https://media.signbsl.com/videos/bsl/ExeterDeafAcademyVoiceOff/mp4/YO9y8C-m1xM.mp4,6.88,25.0,640,360,172,True
deaf_var8__bslfirst.mp4,deaf,8,bslfirst,https://media.signbsl.com/videos/bsl/bslfirst/mp4/983294212.mp4,2.936,29.97,720,404,88,True
deaf_var9__youtube.mp4,deaf,9,youtube,https://media.signbsl.com/videos/bsl/youtube/mp4/heIhpJBkMsU.mp4,5.038,29.97,640,360,151,True
deaf_var10__youtube.mp4,deaf,10,youtube,https://media.signbsl.com/videos/bsl/youtube/mp4/WXRi8GE00fU.mp4,2.569,29.97,640,360,77,True
hearing__signstation.mp4,hearing,1,signstation,https://media.signbsl.com/videos/bsl/signstation/101-06-1372.mp4,2.84,25.0,512,374,71,True
hearing_var2__youtube.mp4,hearing,2,youtube,https://media.signbsl.com/videos/bsl/youtube/mp4/_HhVJqXkwyw.mp4,3.08,25.0,480,320,77,True
hearing_var3__signmonkey.mp4,hearing,3,signmonkey,https://media.signbsl.com/videos/bsl/signmonkey/mp4/hearing.mp4,2.569,28.417,640,480,73,True
hearing_var4__signon.mp4,hearing,4,signon,https://media.signbsl.com/videos/bsl/signon/mp4/dpw17.mp4,2.12,25.0,320,240,53,True
hearing_var5__corpusngt.mp4,hearing,5,corpusngt,https://media.signbsl.com/videos/bsl/corpusngt/mp4/vlc-record-2015-04-08-15h16m06s-BSL_CN_lex_b.mpg-.mp4,3.16,25.0,352,288,79,True
hearing_var6__bslfirst.mp4,hearing,6,bslfirst,https://media.signbsl.com/videos/bsl/bslfirst/mp4/983294302.mp4,3.403,29.97,720,404,102,True
hearing_var7__bslfirst.mp4,hearing,7,bslfirst,https://media.signbsl.com/videos/bsl/bslfirst/mp4/996250414.mp4,5.339,29.97,720,404,160,True
